feature_a,feature_b,correlation,abs_correlation
rolling_margin_std_last_5,recent_result_volatility,1.0,1.0
elo_diff_home,elo_home_probability,0.9997415710268348,0.9997415710268348
power_v3_recency_home_probability,power_v3_calibrated_home_probability,0.9997126908667094,0.9997126908667094
power_v3_recency_win_probability,power_v3_calibrated_win_probability,0.9995585244279409,0.9995585244279409
elo_home_probability,power_v3_recency_home_probability,0.9713745388717763,0.9713745388717763
elo_diff_home,power_v3_recency_home_probability,0.9699319847556201,0.9699319847556201
elo_home_probability,power_v3_calibrated_home_probability,0.9695956111205029,0.9695956111205029
elo_diff_home,power_v3_calibrated_home_probability,0.9676620468973236,0.9676620468973236
rolling_margin_last_3,rolling_margin_last_5,0.963289411327041,0.963289411327041
recent_vs_season_margin_delta,power_rating_trend,0.9583614239524983,0.9583614239524983
predicted_win_probability,power_v3_recency_win_probability,0.9542083001329806,0.9542083001329806
predicted_win_probability,power_v3_calibrated_win_probability,0.9510156824295316,0.9510156824295316
rolling_margin_std_last_3,rolling_margin_std_last_5,0.9353948410057503,0.9353948410057503
rolling_margin_std_last_3,recent_result_volatility,0.9353948410057503,0.9353948410057503
elo_diff_home,elo_trend,0.9241578862999965,0.9241578862999965
elo_home_probability,elo_trend,0.9208175236014751,0.9208175236014751
power_v3_recency_home_probability,elo_trend,0.8707931139978281,0.8707931139978281
offensive_trend,power_rating_trend,0.8699441337313528,0.8699441337313528
power_v3_calibrated_home_probability,elo_trend,0.8663793434593069,0.8663793434593069
recent_vs_season_margin_delta,offensive_trend,0.8643580493103438,0.8643580493103438
rolling_margin_std_last_5,rating_stability,-0.8529090858447519,0.8529090858447519
rating_stability,recent_result_volatility,-0.8529090858447519,0.8529090858447519
power_v3_calibrated_home_probability,rolling_margin_last_5,0.8522824229372818,0.8522824229372818
power_v3_recency_home_probability,rolling_margin_last_5,0.8506340546541339,0.8506340546541339
rolling_goals_for_std_last_5,recent_result_volatility,0.8442285357277453,0.8442285357277453
rolling_margin_std_last_5,rolling_goals_for_std_last_5,0.8442285357277453,0.8442285357277453
defensive_trend,power_rating_trend,0.8353619388252006,0.8353619388252006
rolling_margin_std_last_3,rating_stability,-0.8286365687133059,0.8286365687133059
power_v3_calibrated_home_probability,rolling_margin_last_3,0.821328731547497,0.821328731547497
power_v3_recency_home_probability,rolling_margin_last_3,0.8200944660631583,0.8200944660631583
defensive_sos,opponent_win_pct,0.8173159078186395,0.8173159078186395
elo_home_probability,rolling_margin_last_5,0.8066005302688269,0.8066005302688269
elo_diff_home,rolling_margin_last_5,0.8039097842687775,0.8039097842687775
elo_home_probability,rolling_margin_last_3,0.7809014015959768,0.7809014015959768
elo_diff_home,rolling_margin_last_3,0.7779445888060244,0.7779445888060244
rolling_goals_against_std_last_5,recent_result_volatility,0.7684328773132302,0.7684328773132302
rolling_margin_std_last_5,rolling_goals_against_std_last_5,0.7684328773132302,0.7684328773132302
recent_vs_season_margin_delta,defensive_trend,0.7664283146950251,0.7664283146950251
rolling_margin_std_last_3,rolling_goals_against_std_last_5,0.7499169238895468,0.7499169238895468
rolling_margin_std_last_3,rolling_goals_for_std_last_5,0.7488670732999848,0.7488670732999848
power_v3_calibrated_win_probability,strength_gap_absolute,0.7306543277560107,0.7306543277560107
power_v3_recency_win_probability,strength_gap_absolute,0.7296213993277582,0.7296213993277582
rolling_goals_against_std_last_5,rating_stability,-0.7207127396660276,0.7207127396660276
pregame_home_elo,elo_home_probability,0.7155058695492649,0.7155058695492649
pregame_home_elo,elo_diff_home,0.7145673226096726,0.7145673226096726
rolling_goals_for_std_last_5,rating_stability,-0.6941347442482354,0.6941347442482354
pregame_home_elo,power_v3_recency_home_probability,0.6732314494511177,0.6732314494511177
pregame_home_elo,power_v3_calibrated_home_probability,0.6723647030586888,0.6723647030586888
pregame_away_elo,power_v3_recency_home_probability,-0.6698184510865309,0.6698184510865309
pregame_away_elo,elo_diff_home,-0.6688346376763719,0.6688346376763719
predicted_win_probability,strength_gap_absolute,0.6680640312355298,0.6680640312355298
pregame_away_elo,power_v3_calibrated_home_probability,-0.6674976248859774,0.6674976248859774
pregame_away_elo,elo_home_probability,-0.6674681835916481,0.6674681835916481
rolling_margin_last_5,elo_trend,0.666317470270626,0.666317470270626
pregame_home_elo,elo_trend,0.6607196746995084,0.6607196746995084
offense_vs_opponent_defense_gap,offense_defense_ratio,0.6203930777112415,0.6203930777112415
defensive_sos,recent_opponent_avg_power,0.6193857252233479,0.6193857252233479
pregame_away_elo,elo_trend,-0.617740431047419,0.617740431047419
rolling_margin_last_3,elo_trend,0.6090267543043999,0.6090267543043999
pregame_away_elo,rolling_margin_last_3,-0.5866197503969159,0.5866197503969159
pregame_away_elo,rolling_margin_last_5,-0.5865623260934066,0.5865623260934066
predicted_win_probability,opponent_games_played,0.5678570730675343,0.5678570730675343
games_played,opponent_games_played,0.5570277027420407,0.5570277027420407
recent_opponent_avg_power,opponent_win_pct,0.5564256241453506,0.5564256241453506
projected_pace_interaction,opponent_games_played,0.5502921740227869,0.5502921740227869
pregame_home_elo,rolling_margin_last_5,0.5284508425850506,0.5284508425850506
projected_pace_interaction,games_played,0.5189253371637387,0.5189253371637387
pregame_away_elo,offense_vs_opponent_defense_gap,0.5187275200454546,0.5187275200454546
offensive_sos,recent_opponent_avg_power,-0.5117876189800585,0.5117876189800585
power_v3_recency_win_probability,opponent_games_played,0.5108739554750702,0.5108739554750702
power_v3_calibrated_win_probability,opponent_games_played,0.5096032360456686,0.5096032360456686
predicted_win_probability,projected_pace_interaction,0.5034688315775795,0.5034688315775795
projected_pace_interaction,strength_gap_absolute,0.5007690945164617,0.5007690945164617
offense_defense_ratio,recent_opponent_avg_elo,0.4999214199220107,0.4999214199220107
pregame_home_elo,defense_vs_opponent_offense_gap,0.4971043179492772,0.4971043179492772
predicted_win_probability,games_played,0.49514451396923415,0.49514451396923415
pregame_home_elo,rolling_margin_last_3,0.4935007307476592,0.4935007307476592
close_game_rate,recent_opponent_avg_elo,0.4890334150679693,0.4890334150679693
power_v3_calibrated_win_probability,projected_pace_interaction,0.48777458547612706,0.48777458547612706
power_v3_recency_win_probability,projected_pace_interaction,0.4837369313553557,0.4837369313553557
offensive_trend,defensive_trend,0.45563335319690834,0.45563335319690834
pregame_away_elo,defense_vs_opponent_offense_gap,0.45467099660696925,0.45467099660696925
power_v3_calibrated_win_probability,games_played,0.44828792946964297,0.44828792946964297
power_v3_recency_win_probability,games_played,0.44766203461811654,0.44766203461811654
offense_vs_opponent_defense_gap,recent_opponent_avg_elo,0.442983925813681,0.442983925813681
pregame_home_elo,offense_vs_opponent_defense_gap,0.4262171012577181,0.4262171012577181
defense_vs_opponent_offense_gap,recent_opponent_avg_elo,-0.41628569037940616,0.41628569037940616
rolling_goals_for_std_last_5,rolling_goals_against_std_last_5,0.4075457520938611,0.4075457520938611
recent_opponent_avg_elo,rating_stability,-0.3734190910651617,0.3734190910651617
upset_rate,opponent_win_pct,0.35795647951911436,0.35795647951911436
offensive_sos,defensive_sos,0.3572012880438416,0.3572012880438416
rolling_goals_for_std_last_5,opponent_games_played,-0.3378406178878605,0.3378406178878605
close_game_rate,offensive_sos,0.33546346127740767,0.33546346127740767
projected_pace_interaction,volatility_mismatch,0.33514489217723814,0.33514489217723814
rolling_margin_std_last_5,opponent_games_played,-0.3261844492150711,0.3261844492150711
opponent_games_played,recent_result_volatility,-0.3261844492150711,0.3261844492150711
offensive_sos,recent_opponent_avg_elo,0.3179491034883744,0.3179491034883744
offense_vs_opponent_defense_gap,defense_vs_opponent_offense_gap,0.3113078781637054,0.3113078781637054
upset_rate,defensive_sos,0.30565788065899635,0.30565788065899635
offense_defense_ratio,opponent_games_played,-0.3053561074307451,0.3053561074307451
opponent_games_played,rating_stability,0.29882014573087745,0.29882014573087745
elo_trend,rolling_trend_slope,-0.29602468991289677,0.29602468991289677
power_v3_calibrated_home_probability,upset_rate,0.28993715366926176,0.28993715366926176
power_v3_recency_home_probability,upset_rate,0.28477100025685553,0.28477100025685553
defensive_trend,rolling_trend_slope,0.2829458897918893,0.2829458897918893
power_rating_trend,rolling_trend_slope,0.28211204474535667,0.28211204474535667
recent_vs_season_margin_delta,rolling_trend_slope,0.28065561571855197,0.28065561571855197
rolling_margin_std_last_3,opponent_games_played,-0.2772377417953134,0.2772377417953134
upset_rate,rolling_margin_last_3,0.27291182211591947,0.27291182211591947
rolling_margin_last_5,rolling_trend_slope,-0.2594194476455997,0.2594194476455997
upset_rate,rolling_margin_last_5,0.2533108091990647,0.2533108091990647
rolling_goals_against_std_last_5,games_played,0.2491158623696597,0.2491158623696597
elo_home_probability,upset_rate,0.24849876840171797,0.24849876840171797
defense_vs_opponent_offense_gap,rating_stability,0.24764905541266458,0.24764905541266458
elo_diff_home,rolling_goals_against_std_last_5,-0.24427392937917597,0.24427392937917597
rolling_margin_last_3,offensive_trend,0.24414123357383152,0.24414123357383152
close_game_rate,offense_defense_ratio,0.24372794654496852,0.24372794654496852
defensive_sos,recent_opponent_avg_elo,0.24301142393852262,0.24301142393852262
elo_diff_home,upset_rate,0.2424181183998935,0.2424181183998935
games_played,rating_stability,-0.24173523455584867,0.24173523455584867
elo_home_probability,rolling_goals_against_std_last_5,-0.24157385559998534,0.24157385559998534
rolling_goals_for_std_last_5,rolling_margin_last_3,0.239655191892465,0.239655191892465
power_v3_recency_home_probability,rolling_goals_against_std_last_5,-0.23910173105235097,0.23910173105235097
rolling_margin_last_3,recent_vs_season_margin_delta,0.2375364628475332,0.2375364628475332
power_v3_calibrated_home_probability,rolling_goals_against_std_last_5,-0.23601360632111248,0.23601360632111248
recent_vs_season_margin_delta,recent_opponent_avg_power,-0.23574905913175104,0.23574905913175104
rolling_margin_std_last_5,recent_opponent_avg_elo,0.2348975342412538,0.2348975342412538
recent_opponent_avg_elo,recent_result_volatility,0.2348975342412538,0.2348975342412538
rolling_trend_slope,recent_opponent_avg_power,-0.23419128512264245,0.23419128512264245
rolling_margin_std_last_3,recent_opponent_avg_elo,0.23339300790081213,0.23339300790081213
offensive_sos,opponent_win_pct,0.23321128987271222,0.23321128987271222
power_v3_calibrated_home_probability,recent_opponent_avg_power,0.23237158297033045,0.23237158297033045
rolling_margin_last_3,power_rating_trend,0.2318138809645308,0.2318138809645308
power_v3_recency_home_probability,recent_opponent_avg_power,0.23172911189773276,0.23172911189773276
rolling_goals_against_std_last_5,elo_trend,-0.2298740978552974,0.2298740978552974
recent_opponent_avg_elo,games_played,0.22640306337697966,0.22640306337697966
upset_rate,recent_opponent_avg_elo,0.22326130056383028,0.22326130056383028
elo_trend,recent_opponent_avg_power,0.2178900707456395,0.2178900707456395
power_rating_trend,recent_opponent_avg_power,-0.21756040588135755,0.21756040588135755
rolling_goals_against_std_last_5,recent_opponent_avg_power,-0.21589729169076624,0.21589729169076624
rolling_trend_slope,offensive_sos,0.21526318020254115,0.21526318020254115
rolling_goals_for_std_last_5,rolling_margin_last_5,0.2151960792472261,0.2151960792472261
rolling_goals_for_std_last_5,recent_opponent_avg_elo,0.20902502471268244,0.20902502471268244
rolling_goals_against_std_last_5,recent_opponent_avg_elo,0.20600715839866737,0.20600715839866737
elo_home_probability,recent_opponent_avg_power,0.20519457328566668,0.20519457328566668
close_game_rate,recent_opponent_avg_power,-0.20492033609714905,0.20492033609714905
elo_diff_home,recent_opponent_avg_power,0.20419234839448178,0.20419234839448178
offensive_trend,rolling_trend_slope,0.20300541246465936,0.20300541246465936
rolling_goals_for_std_last_5,defense_vs_opponent_offense_gap,-0.2029623783130868,0.2029623783130868
offensive_trend,volatility_mismatch,-0.19816076741946875,0.19816076741946875
upset_rate,recent_opponent_avg_power,0.19098972744557316,0.19098972744557316
close_game_rate,volatility_mismatch,-0.19065720932738006,0.19065720932738006
rolling_margin_std_last_3,offense_vs_opponent_defense_gap,0.1862678362930563,0.1862678362930563
offensive_trend,recent_opponent_avg_power,-0.18610596593057419,0.18610596593057419
pregame_away_elo,upset_rate,-0.18591758818810863,0.18591758818810863
power_v3_calibrated_home_probability,offensive_sos,-0.18544890997771396,0.18544890997771396
defensive_trend,recent_opponent_avg_power,-0.18526341062178983,0.18526341062178983
power_v3_recency_home_probability,offensive_sos,-0.18418054686930013,0.18418054686930013
pregame_home_elo,power_v3_calibrated_win_probability,0.18202537043081504,0.18202537043081504
rolling_margin_last_5,rating_stability,-0.18181659581284618,0.18181659581284618
strength_gap_absolute,opponent_games_played,0.18139527898934102,0.18139527898934102
pregame_home_elo,recent_opponent_avg_power,0.1813489685417436,0.1813489685417436
pregame_home_elo,power_v3_recency_win_probability,0.1781374901416259,0.1781374901416259
predicted_win_probability,offense_defense_ratio,-0.1763825636301062,0.1763825636301062
rolling_goals_for_std_last_5,games_played,0.17578110841466776,0.17578110841466776
defense_vs_opponent_offense_gap,recent_result_volatility,-0.17523262309945462,0.17523262309945462
rolling_margin_std_last_5,defense_vs_opponent_offense_gap,-0.17523262309945456,0.17523262309945456
rolling_margin_last_3,rolling_trend_slope,-0.1745965133619641,0.1745965133619641
defense_vs_opponent_offense_gap,opponent_games_played,0.1728695245505978,0.1728695245505978
power_v3_calibrated_win_probability,volatility_mismatch,0.17210491607222125,0.17210491607222125
rolling_goals_against_std_last_5,opponent_win_pct,-0.17159069929782744,0.17159069929782744
power_v3_calibrated_home_probability,rolling_trend_slope,-0.17044046952017305,0.17044046952017305
pregame_home_elo,rolling_goals_against_std_last_5,-0.1699855126743697,0.1699855126743697
defensive_trend,games_played,-0.16945922818268408,0.16945922818268408
power_v3_recency_home_probability,rolling_trend_slope,-0.1683356485338802,0.1683356485338802
pregame_away_elo,rolling_goals_against_std_last_5,0.1682296045260469,0.1682296045260469
recent_opponent_avg_elo,opponent_games_played,-0.16670238468938947,0.16670238468938947
power_v3_recency_win_probability,volatility_mismatch,0.16666533410865386,0.16666533410865386
close_game_rate,offense_vs_opponent_defense_gap,0.16663337729678143,0.16663337729678143
offensive_trend,offense_vs_opponent_defense_gap,-0.16512453912688754,0.16512453912688754
offensive_sos,rating_stability,-0.16496125600211792,0.16496125600211792
pregame_home_elo,offensive_sos,-0.16434961396182857,0.16434961396182857
volatility_mismatch,strength_gap_absolute,0.16430824360763763,0.16430824360763763
games_played,recent_result_volatility,0.1629716316216656,0.1629716316216656
rolling_margin_std_last_5,games_played,0.1629716316216656,0.1629716316216656
rolling_margin_last_5,games_played,0.16265498388583288,0.16265498388583288
rolling_goals_for_std_last_5,rolling_trend_slope,-0.1620012479802182,0.1620012479802182
upset_rate,rating_stability,-0.16119148550291584,0.16119148550291584
rolling_goals_for_std_last_5,close_game_rate,-0.16039554740006,0.16039554740006
upset_rate,volatility_mismatch,-0.15984532861658637,0.15984532861658637
elo_trend,offensive_sos,-0.15953077028662435,0.15953077028662435
rolling_margin_last_3,rating_stability,-0.1590768826560899,0.1590768826560899
offensive_sos,recent_result_volatility,0.1588248314217331,0.1588248314217331
rolling_margin_std_last_5,offensive_sos,0.15882483142173306,0.15882483142173306
predicted_win_probability,volatility_mismatch,0.1570270409728884,0.1570270409728884
rolling_trend_slope,rating_stability,0.1568531418901743,0.1568531418901743
recent_vs_season_margin_delta,offensive_sos,0.1565336894174881,0.1565336894174881
pregame_away_elo,rolling_goals_for_std_last_5,-0.15633914910680166,0.15633914910680166
rolling_goals_against_std_last_5,rolling_margin_last_3,-0.15370170997919383,0.15370170997919383
power_v3_calibrated_win_probability,offense_defense_ratio,-0.1530666954348215,0.1530666954348215
power_v3_recency_win_probability,offense_defense_ratio,-0.15245389236260382,0.15245389236260382
rolling_goals_against_std_last_5,opponent_games_played,-0.152080726088505,0.152080726088505
volatility_mismatch,games_played,0.15098948455690292,0.15098948455690292
elo_home_probability,opponent_win_pct,0.15096204421221252,0.15096204421221252
pregame_home_elo,upset_rate,0.15084659405935485,0.15084659405935485
offense_vs_opponent_defense_gap,recent_result_volatility,0.1499200584998303,0.1499200584998303
rolling_margin_std_last_5,offense_vs_opponent_defense_gap,0.14992005849983026,0.14992005849983026
rolling_margin_std_last_3,offensive_sos,0.1497240981118971,0.1497240981118971
elo_home_probability,rolling_trend_slope,-0.1497204696899286,0.1497204696899286
elo_diff_home,opponent_win_pct,0.1494572351706272,0.1494572351706272
elo_diff_home,rolling_trend_slope,-0.14841061302940045,0.14841061302940045
rolling_goals_against_std_last_5,rolling_margin_last_5,-0.1475819998323008,0.1475819998323008
upset_rate,rolling_trend_slope,0.14737800994653516,0.14737800994653516
recent_vs_season_margin_delta,elo_trend,-0.14666229074860457,0.14666229074860457
rolling_margin_last_3,defensive_trend,0.14630160859675315,0.14630160859675315
elo_home_probability,offensive_sos,-0.14549576834470784,0.14549576834470784
volatility_mismatch,opponent_games_played,0.14498368317841753,0.14498368317841753
elo_diff_home,offensive_sos,-0.14453210676994413,0.14453210676994413
rolling_goals_for_std_last_5,offensive_sos,0.14376196766070407,0.14376196766070407
power_v3_calibrated_win_probability,defense_vs_opponent_offense_gap,0.14321851397781288,0.14321851397781288
power_v3_calibrated_home_probability,opponent_win_pct,0.14290377043959385,0.14290377043959385
pregame_home_elo,strength_gap_absolute,0.14248334871743815,0.14248334871743815
power_v3_recency_home_probability,opponent_win_pct,0.14200052778374533,0.14200052778374533
elo_trend,opponent_win_pct,0.1419858806959341,0.1419858806959341
defense_vs_opponent_offense_gap,offensive_sos,-0.14148643082244378,0.14148643082244378
rolling_goals_for_std_last_5,offense_defense_ratio,0.14145517610128275,0.14145517610128275
pregame_home_elo,predicted_win_probability,0.1407822087778269,0.1407822087778269
power_rating_trend,offense_vs_opponent_defense_gap,-0.14045493892088065,0.14045493892088065
offense_defense_ratio,games_played,-0.13931600753871834,0.13931600753871834
power_v3_recency_win_probability,defense_vs_opponent_offense_gap,0.13842120634755173,0.13842120634755173
rolling_goals_against_std_last_5,defensive_sos,-0.1383502860750197,0.1383502860750197
defensive_trend,defensive_sos,-0.13762578734187692,0.13762578734187692
rolling_trend_slope,games_played,-0.13714234570109538,0.13714234570109538
offense_vs_opponent_defense_gap,rating_stability,-0.13681404410466885,0.13681404410466885
recent_opponent_avg_elo,opponent_win_pct,0.1362331795995463,0.1362331795995463
power_rating_trend,defensive_sos,-0.13419087537849986,0.13419087537849986
defensive_trend,opponent_win_pct,-0.1341430428596094,0.1341430428596094
rolling_margin_std_last_3,defense_vs_opponent_offense_gap,-0.13406980713401945,0.13406980713401945
offense_defense_ratio,defensive_sos,0.13356531780346648,0.13356531780346648
upset_rate,games_played,0.13256445917811696,0.13256445917811696
pregame_away_elo,opponent_games_played,0.13192588955427148,0.13192588955427148
projected_pace_interaction,defensive_sos,0.13155458245212118,0.13155458245212118
recent_opponent_avg_power,recent_result_volatility,-0.12996965790866707,0.12996965790866707
rolling_margin_std_last_5,recent_opponent_avg_power,-0.12996965790866702,0.12996965790866702
offense_defense_ratio,offensive_sos,0.12964280053895919,0.12964280053895919
rolling_margin_std_last_5,volatility_mismatch,0.12942003434487204,0.12942003434487204
volatility_mismatch,recent_result_volatility,0.129420034344872,0.129420034344872
power_rating_trend,volatility_mismatch,-0.12863139279815247,0.12863139279815247
power_rating_trend,opponent_win_pct,-0.12625523604686234,0.12625523604686234
pregame_away_elo,power_v3_calibrated_win_probability,0.125987110461588,0.125987110461588
rolling_goals_against_std_last_5,offense_vs_opponent_defense_gap,0.12592964183022662,0.12592964183022662
elo_home_probability,rolling_goals_for_std_last_5,0.12572345737107116,0.12572345737107116
elo_diff_home,rolling_goals_for_std_last_5,0.12569814619996886,0.12569814619996886
volatility_mismatch,recent_opponent_avg_power,0.12518096627850545,0.12518096627850545
rolling_margin_last_3,strength_gap_absolute,0.1250625623489811,0.1250625623489811
pregame_away_elo,power_v3_recency_win_probability,0.12499634895307371,0.12499634895307371
opponent_win_pct,recent_result_volatility,-0.12487228731337816,0.12487228731337816
rolling_margin_std_last_5,opponent_win_pct,-0.12487228731337813,0.12487228731337813
offense_defense_ratio,rating_stability,-0.12476378087567341,0.12476378087567341
defensive_trend,elo_trend,-0.12287296307424851,0.12287296307424851
projected_pace_interaction,opponent_win_pct,0.1218109879945273,0.1218109879945273
rolling_margin_last_3,games_played,0.12162711939103904,0.12162711939103904
rolling_margin_std_last_5,offense_defense_ratio,0.12078206613575139,0.12078206613575139
offense_defense_ratio,recent_result_volatility,0.12078206613575138,0.12078206613575138
close_game_rate,recent_result_volatility,-0.12068498457806953,0.12068498457806953
rolling_margin_std_last_5,close_game_rate,-0.12068498457806953,0.12068498457806953
upset_rate,power_rating_trend,0.12051962728582542,0.12051962728582542
offensive_sos,opponent_games_played,-0.11996127370267606,0.11996127370267606
pregame_away_elo,offensive_trend,-0.11912850844401465,0.11912850844401465
offensive_trend,rating_stability,0.11885748509125389,0.11885748509125389
volatility_mismatch,rating_stability,-0.11832668107481534,0.11832668107481534
elo_trend,games_played,0.11790019063428253,0.11790019063428253
rolling_margin_std_last_3,games_played,0.11716146093171274,0.11716146093171274
rolling_margin_std_last_3,recent_opponent_avg_power,-0.11607042516423659,0.11607042516423659
recent_vs_season_margin_delta,volatility_mismatch,-0.11580796423606535,0.11580796423606535
pregame_home_elo,offense_defense_ratio,0.11571338906721872,0.11571338906721872
pregame_home_elo,opponent_games_played,0.1148493059800178,0.1148493059800178
rolling_trend_slope,opponent_win_pct,-0.11400805676098702,0.11400805676098702
power_v3_recency_home_probability,rolling_goals_for_std_last_5,0.11380486900343087,0.11380486900343087
rolling_margin_std_last_3,close_game_rate,-0.11376997538537949,0.11376997538537949
power_v3_calibrated_home_probability,rolling_goals_for_std_last_5,0.11364131636849441,0.11364131636849441
offensive_trend,offensive_sos,0.11326812876607703,0.11326812876607703
pregame_home_elo,rolling_trend_slope,-0.11311321638098713,0.11311321638098713
rolling_margin_std_last_3,offense_defense_ratio,0.11244123489759715,0.11244123489759715
defense_vs_opponent_offense_gap,opponent_win_pct,-0.11169802190222339,0.11169802190222339
upset_rate,defensive_trend,0.11166988376583495,0.11166988376583495
elo_trend,power_rating_trend,-0.11118458595323226,0.11118458595323226
power_v3_recency_home_probability,games_played,0.11086328555323217,0.11086328555323217
power_v3_calibrated_home_probability,games_played,0.11080354905596589,0.11080354905596589
rolling_margin_last_3,volatility_mismatch,-0.10944789144519074,0.10944789144519074
recent_vs_season_margin_delta,defensive_sos,-0.10938070232330908,0.10938070232330908
rolling_margin_std_last_3,opponent_win_pct,-0.10877593367686467,0.10877593367686467
rolling_goals_for_std_last_5,recent_vs_season_margin_delta,0.10823587850527712,0.10823587850527712
elo_diff_home,games_played,0.10818199407175132,0.10818199407175132
pregame_away_elo,opponent_win_pct,-0.10687959389674798,0.10687959389674798
power_rating_trend,offensive_sos,0.10669180659203804,0.10669180659203804
elo_home_probability,games_played,0.10620536331829764,0.10620536331829764
rolling_margin_last_5,strength_gap_absolute,0.10580254660957546,0.10580254660957546
rolling_goals_for_std_last_5,defensive_sos,0.10568113353703631,0.10568113353703631
upset_rate,offensive_sos,0.10542232573681393,0.10542232573681393
recent_vs_season_margin_delta,opponent_win_pct,-0.10535267068061774,0.10535267068061774
rolling_goals_against_std_last_5,offensive_sos,0.10356704931381852,0.10356704931381852
defense_vs_opponent_offense_gap,defensive_sos,-0.10276473916119125,0.10276473916119125
rolling_trend_slope,strength_gap_absolute,0.10224592333682188,0.10224592333682188
rolling_goals_for_std_last_5,offense_vs_opponent_defense_gap,0.10189748221633464,0.10189748221633464
upset_rate,recent_vs_season_margin_delta,0.10170171750374707,0.10170171750374707
offensive_trend,offense_defense_ratio,-0.10121597406489506,0.10121597406489506
pregame_home_elo,opponent_win_pct,0.10028781019425816,0.10028781019425816
upset_rate,elo_trend,0.09988686637195034,0.09988686637195034
pregame_away_elo,recent_opponent_avg_power,-0.09890997891034758,0.09890997891034758
rolling_margin_std_last_5,rolling_margin_last_3,0.09840486081662542,0.09840486081662542
rolling_margin_last_3,recent_result_volatility,0.09840486081662538,0.09840486081662538
projected_pace_interaction,recent_opponent_avg_power,0.09746439330716228,0.09746439330716228
recent_vs_season_margin_delta,offense_vs_opponent_defense_gap,-0.0973982739299628,0.0973982739299628
power_rating_trend,rating_stability,0.09665746267726198,0.09665746267726198
predicted_win_probability,offensive_trend,0.09622030077219576,0.09622030077219576
rolling_trend_slope,recent_result_volatility,-0.09600961499527737,0.09600961499527737
rolling_margin_std_last_5,rolling_trend_slope,-0.09600961499527734,0.09600961499527734
rolling_goals_against_std_last_5,defense_vs_opponent_offense_gap,-0.09596867344407983,0.09596867344407983
defense_vs_opponent_offense_gap,strength_gap_absolute,0.09541056416712689,0.09541056416712689
upset_rate,offensive_trend,0.09498380111493698,0.09498380111493698
rolling_goals_for_std_last_5,upset_rate,0.09482319352659548,0.09482319352659548
rolling_margin_last_5,opponent_win_pct,0.09478679712937442,0.09478679712937442
defense_vs_opponent_offense_gap,games_played,-0.09393162725195948,0.09393162725195948
offensive_trend,defensive_sos,-0.0938368852769316,0.0938368852769316
rolling_margin_last_5,offense_defense_ratio,0.09368100252623465,0.09368100252623465
rolling_margin_last_5,recent_opponent_avg_power,0.09355826244834228,0.09355826244834228
volatility_mismatch,offense_defense_ratio,-0.0929152769352944,0.0929152769352944
recent_opponent_avg_power,rating_stability,0.0927843428959557,0.0927843428959557
rolling_trend_slope,projected_pace_interaction,0.0919618516155065,0.0919618516155065
pregame_away_elo,rolling_trend_slope,0.09175559852172695,0.09175559852172695
elo_trend,defensive_sos,0.09172468160030837,0.09172468160030837
strength_gap_absolute,games_played,0.09163067347343969,0.09163067347343969
recent_vs_season_margin_delta,strength_gap_absolute,0.09135433835932258,0.09135433835932258
pregame_home_elo,offensive_trend,-0.09103260951955983,0.09103260951955983
predicted_win_probability,defensive_sos,-0.09094549153762106,0.09094549153762106
predicted_win_probability,rolling_margin_last_5,0.09067957293232506,0.09067957293232506
power_rating_trend,games_played,-0.09034153725621999,0.09034153725621999
elo_home_probability,defensive_sos,0.09007519189931928,0.09007519189931928
elo_trend,defense_vs_opponent_offense_gap,0.09000845579644784,0.09000845579644784
elo_diff_home,defensive_sos,0.0898549597974063,0.0898549597974063
pregame_away_elo,offense_defense_ratio,0.0893150368467698,0.0893150368467698
rolling_goals_for_std_last_5,offensive_trend,0.08928079889198579,0.08928079889198579
rolling_goals_for_std_last_5,elo_trend,0.08920939399883157,0.08920939399883157
rolling_goals_for_std_last_5,volatility_mismatch,0.087912399619762,0.087912399619762
rolling_goals_against_std_last_5,volatility_mismatch,0.08757821988112147,0.08757821988112147
close_game_rate,upset_rate,0.08739577917869752,0.08739577917869752
upset_rate,recent_result_volatility,0.08658803664785668,0.08658803664785668
rolling_margin_std_last_5,upset_rate,0.08658803664785668,0.08658803664785668
rolling_margin_last_5,offensive_sos,-0.08631205758026636,0.08631205758026636
volatility_mismatch,offensive_sos,-0.08480469997836017,0.08480469997836017
predicted_win_probability,defense_vs_opponent_offense_gap,0.08439411291381262,0.08439411291381262
rolling_margin_std_last_3,volatility_mismatch,0.08438380771850611,0.08438380771850611
rolling_margin_last_3,opponent_games_played,-0.0843424901672157,0.0843424901672157
offensive_trend,opponent_win_pct,-0.08411061807707867,0.08411061807707867
close_game_rate,defensive_sos,0.08407681793393787,0.08407681793393787
power_v3_recency_home_probability,defensive_sos,0.08352382581103118,0.08352382581103118
defensive_trend,strength_gap_absolute,0.0834343755457307,0.0834343755457307
power_v3_calibrated_home_probability,defensive_sos,0.083093944416092,0.083093944416092
power_rating_trend,strength_gap_absolute,0.08301376327616419,0.08301376327616419
rolling_margin_last_3,offense_defense_ratio,0.0829254593698783,0.0829254593698783
close_game_rate,defense_vs_opponent_offense_gap,-0.08261664748633178,0.08261664748633178
rolling_margin_std_last_3,rolling_trend_slope,-0.0826092767481535,0.0826092767481535
predicted_win_probability,rolling_margin_last_3,0.08241901684014169,0.08241901684014169
strength_gap_absolute,recent_opponent_avg_elo,-0.08190908523975127,0.08190908523975127
rolling_margin_last_3,offense_vs_opponent_defense_gap,-0.0818156625737147,0.0818156625737147
rolling_margin_last_5,recent_result_volatility,0.08167052974359963,0.08167052974359963
rolling_margin_std_last_5,rolling_margin_last_5,0.08167052974359962,0.08167052974359962
close_game_rate,opponent_win_pct,-0.08156949243557053,0.08156949243557053
power_v3_recency_win_probability,defensive_sos,-0.08127444702396991,0.08127444702396991
power_v3_recency_home_probability,offense_vs_opponent_defense_gap,-0.08115740321853439,0.08115740321853439
power_v3_calibrated_home_probability,offense_vs_opponent_defense_gap,-0.07998810817174148,0.07998810817174148
rolling_margin_std_last_3,elo_trend,-0.07965243230267462,0.07965243230267462
power_v3_calibrated_win_probability,defensive_sos,-0.078982802465236,0.078982802465236
rolling_goals_against_std_last_5,strength_gap_absolute,-0.07877941558132774,0.07877941558132774
rolling_margin_last_5,volatility_mismatch,-0.07872873874723395,0.07872873874723395
pregame_away_elo,rating_stability,0.07841096494148675,0.07841096494148675
pregame_away_elo,games_played,-0.07812521993429564,0.07812521993429564
close_game_rate,elo_trend,-0.07808992434960214,0.07808992434960214
elo_home_probability,close_game_rate,-0.07777651519192995,0.07777651519192995
pregame_away_elo,defensive_sos,-0.07761204709318668,0.07761204709318668
power_v3_recency_win_probability,opponent_win_pct,-0.07755940488740545,0.07755940488740545
elo_home_probability,rating_stability,-0.07671788382409149,0.07671788382409149
power_v3_calibrated_win_probability,opponent_win_pct,-0.07653524707694812,0.07653524707694812
rolling_margin_std_last_3,power_rating_trend,-0.07597522936729491,0.07597522936729491
elo_diff_home,close_game_rate,-0.07593329460710725,0.07593329460710725
recent_vs_season_margin_delta,games_played,-0.07555999993137985,0.07555999993137985
rolling_goals_against_std_last_5,offensive_trend,-0.07512140118024976,0.07512140118024976
power_v3_calibrated_win_probability,rolling_margin_last_5,0.07511401306740981,0.07511401306740981
elo_diff_home,rating_stability,-0.07494035485213488,0.07494035485213488
rolling_goals_against_std_last_5,rolling_trend_slope,-0.07329438352645924,0.07329438352645924
power_v3_calibrated_home_probability,close_game_rate,-0.07306528941882755,0.07306528941882755
pregame_home_elo,projected_pace_interaction,0.07277233013794186,0.07277233013794186
power_v3_recency_win_probability,rolling_margin_last_5,0.07260908209491566,0.07260908209491566
recent_vs_season_margin_delta,rating_stability,0.07222723200226112,0.07222723200226112
pregame_home_elo,games_played,0.07187422483020978,0.07187422483020978
power_v3_recency_home_probability,close_game_rate,-0.0708609258907414,0.0708609258907414
defensive_sos,opponent_games_played,-0.07081661152018773,0.07081661152018773
pregame_home_elo,close_game_rate,-0.07049574749390758,0.07049574749390758
pregame_away_elo,predicted_win_probability,0.0702743119450906,0.0702743119450906
offensive_trend,elo_trend,-0.06981635574478746,0.06981635574478746
offensive_trend,defense_vs_opponent_offense_gap,-0.06950092940015902,0.06950092940015902
defensive_trend,offense_vs_opponent_defense_gap,-0.06947054056005673,0.06947054056005673
offensive_trend,recent_opponent_avg_elo,-0.06926889525468156,0.06926889525468156
power_v3_calibrated_home_probability,rating_stability,-0.06917519709820365,0.06917519709820365
upset_rate,projected_pace_interaction,0.069130939572476,0.069130939572476
pregame_away_elo,volatility_mismatch,0.06907069332722626,0.06907069332722626
elo_diff_home,strength_gap_absolute,0.0683088427384189,0.0683088427384189
elo_home_probability,strength_gap_absolute,0.06826296552866268,0.06826296552866268
offensive_trend,projected_pace_interaction,0.06812450122721132,0.06812450122721132
rolling_margin_last_5,recent_opponent_avg_elo,0.06794819793382066,0.06794819793382066
predicted_win_probability,close_game_rate,-0.06794264572814435,0.06794264572814435
rolling_margin_std_last_3,defensive_trend,-0.06742756305339592,0.06742756305339592
power_v3_recency_home_probability,rating_stability,-0.06738871199742877,0.06738871199742877
defensive_trend,offensive_sos,0.06632878115843435,0.06632878115843435
pregame_away_elo,projected_pace_interaction,0.06600158040480528,0.06600158040480528
offensive_sos,games_played,0.06596404883974065,0.06596404883974065
rolling_margin_last_3,opponent_win_pct,0.06565310516999348,0.06565310516999348
power_v3_calibrated_home_probability,strength_gap_absolute,0.06422064594772614,0.06422064594772614
power_v3_recency_win_probability,recent_opponent_avg_power,-0.06417878975115231,0.06417878975115231
power_v3_recency_home_probability,strength_gap_absolute,0.06323346432935997,0.06323346432935997
close_game_rate,power_rating_trend,0.06282127513511354,0.06282127513511354
rolling_margin_std_last_3,offensive_trend,-0.06254091607212295,0.06254091607212295
rolling_goals_for_std_last_5,power_rating_trend,0.06185638816247158,0.06185638816247158
predicted_win_probability,opponent_win_pct,-0.061193600015742734,0.061193600015742734
predicted_win_probability,recent_opponent_avg_power,-0.061152208054325176,0.061152208054325176
close_game_rate,recent_vs_season_margin_delta,0.061111671481372955,0.061111671481372955
power_v3_recency_home_probability,rolling_margin_std_last_3,-0.06106270074241232,0.06106270074241232
recent_opponent_avg_power,games_played,-0.06097804180732116,0.06097804180732116
pregame_away_elo,rolling_margin_std_last_3,0.0609468915047121,0.0609468915047121
rolling_trend_slope,offense_vs_opponent_defense_gap,-0.06083409790740302,0.06083409790740302
predicted_win_probability,elo_trend,0.06041490605906636,0.06041490605906636
elo_diff_home,rolling_margin_std_last_3,-0.05984484358944867,0.05984484358944867
power_v3_calibrated_win_probability,recent_opponent_avg_power,-0.059793958313082186,0.059793958313082186
strength_gap_absolute,defensive_sos,0.059722214984663756,0.059722214984663756
offensive_trend,strength_gap_absolute,0.059578775222141694,0.059578775222141694
close_game_rate,games_played,0.05919668155635598,0.05919668155635598
power_v3_calibrated_win_probability,elo_trend,0.05877122715945685,0.05877122715945685
rolling_margin_std_last_5,recent_vs_season_margin_delta,0.05862553279620522,0.05862553279620522
recent_vs_season_margin_delta,recent_result_volatility,0.05862553279620522,0.05862553279620522
power_v3_calibrated_home_probability,rolling_margin_std_last_3,-0.05854361330453417,0.05854361330453417
power_v3_recency_win_probability,elo_trend,0.05838020504588772,0.05838020504588772
elo_trend,recent_result_volatility,-0.058123173249018154,0.058123173249018154
rolling_margin_std_last_5,elo_trend,-0.05812317324901814,0.05812317324901814
elo_home_probability,rolling_margin_std_last_3,-0.057535113562662395,0.057535113562662395
power_rating_trend,offense_defense_ratio,-0.05712920281720001,0.05712920281720001
rolling_trend_slope,defensive_sos,-0.05704910891374825,0.05704910891374825
power_v3_calibrated_win_probability,rolling_margin_last_3,0.056655360252237136,0.056655360252237136
volatility_mismatch,defensive_sos,0.05651622616307552,0.05651622616307552
close_game_rate,offensive_trend,0.0563140760256551,0.0563140760256551
rolling_margin_std_last_3,upset_rate,0.055601939295860374,0.055601939295860374
predicted_win_probability,elo_diff_home,0.05554684251273661,0.05554684251273661
rolling_margin_last_5,defensive_trend,-0.054709727961297576,0.054709727961297576
power_v3_recency_win_probability,rolling_margin_last_3,0.05459433082287361,0.05459433082287361
rolling_margin_last_5,offense_vs_opponent_defense_gap,-0.05447140513283917,0.05447140513283917
rolling_margin_last_3,recent_opponent_avg_elo,0.053997774274462854,0.053997774274462854
pregame_away_elo,strength_gap_absolute,0.05385555066974773,0.05385555066974773
power_rating_trend,defense_vs_opponent_offense_gap,-0.05379916265414435,0.05379916265414435
predicted_win_probability,elo_home_probability,0.05314721941191339,0.05314721941191339
rolling_margin_last_3,offensive_sos,-0.052752137469469274,0.052752137469469274
rolling_margin_last_5,opponent_games_played,-0.052374314777473695,0.052374314777473695
power_rating_trend,recent_opponent_avg_elo,-0.052294186280142166,0.052294186280142166
strength_gap_absolute,recent_result_volatility,-0.05217595518456357,0.05217595518456357
rolling_margin_std_last_5,strength_gap_absolute,-0.05217595518456355,0.05217595518456355
defensive_sos,rating_stability,-0.05191409815564328,0.05191409815564328
elo_diff_home,defense_vs_opponent_offense_gap,0.051526008592762594,0.051526008592762594
upset_rate,defense_vs_opponent_offense_gap,-0.05149304314392953,0.05149304314392953
close_game_rate,opponent_games_played,-0.051232013066219266,0.051232013066219266
close_game_rate,defensive_trend,0.050624719370923485,0.050624719370923485
pregame_away_elo,power_rating_trend,-0.05038129546709501,0.05038129546709501
close_game_rate,strength_gap_absolute,-0.050378059043643376,0.050378059043643376
offense_vs_opponent_defense_gap,volatility_mismatch,-0.05014552848991135,0.05014552848991135
elo_home_probability,defense_vs_opponent_offense_gap,0.04989009188281332,0.04989009188281332
rolling_goals_against_std_last_5,projected_pace_interaction,0.04977623257927857,0.04977623257927857
recent_vs_season_margin_delta,projected_pace_interaction,0.049672178076325624,0.049672178076325624
pregame_home_elo,defensive_sos,0.04772640855415764,0.04772640855415764
offense_defense_ratio,opponent_win_pct,0.047265904881628115,0.047265904881628115
power_v3_calibrated_win_probability,elo_diff_home,0.04722526232490909,0.04722526232490909
upset_rate,opponent_games_played,-0.04708352634871937,0.04708352634871937
power_v3_calibrated_win_probability,defensive_trend,-0.04695499254691379,0.04695499254691379
recent_vs_season_margin_delta,opponent_games_played,-0.04693749006830843,0.04693749006830843
rolling_goals_for_std_last_5,strength_gap_absolute,-0.04679388846229091,0.04679388846229091
strength_gap_absolute,opponent_win_pct,0.04670514136709058,0.04670514136709058
power_v3_calibrated_win_probability,elo_home_probability,0.046289052911321654,0.046289052911321654
elo_diff_home,offense_vs_opponent_defense_gap,-0.046070839370811696,0.046070839370811696
power_v3_recency_win_probability,defensive_trend,-0.04575926698563981,0.04575926698563981
rolling_margin_std_last_3,strength_gap_absolute,-0.04525011988750056,0.04525011988750056
recent_vs_season_margin_delta,defense_vs_opponent_offense_gap,-0.04524418796056822,0.04524418796056822
power_v3_recency_win_probability,elo_diff_home,0.04502611896410243,0.04502611896410243
pregame_home_elo,recent_vs_season_margin_delta,-0.04461696920732991,0.04461696920732991
predicted_win_probability,power_v3_calibrated_home_probability,0.04422174766994333,0.04422174766994333
rolling_goals_against_std_last_5,power_rating_trend,-0.04419168546035368,0.04419168546035368
power_v3_recency_win_probability,elo_home_probability,0.043995418880795806,0.043995418880795806
elo_home_probability,offense_vs_opponent_defense_gap,-0.04398636867588614,0.04398636867588614
power_v3_calibrated_win_probability,rolling_margin_std_last_5,-0.04377988338163538,0.04377988338163538
power_v3_calibrated_win_probability,recent_result_volatility,-0.04377988338163538,0.04377988338163538
power_rating_trend,projected_pace_interaction,0.04376193505725637,0.04376193505725637
recent_opponent_avg_power,recent_opponent_avg_elo,-0.043678244782933306,0.043678244782933306
rolling_margin_last_3,defense_vs_opponent_offense_gap,-0.043415036315153074,0.043415036315153074
predicted_win_probability,power_v3_recency_home_probability,0.04319444798248278,0.04319444798248278
power_v3_recency_win_probability,recent_result_volatility,-0.04265323125848049,0.04265323125848049
power_v3_recency_win_probability,rolling_margin_std_last_5,-0.04265323125848049,0.04265323125848049
projected_pace_interaction,recent_opponent_avg_elo,0.04220561624810929,0.04220561624810929
pregame_home_elo,pregame_away_elo,0.04213833677736257,0.04213833677736257
defensive_trend,rating_stability,0.041985860785311885,0.041985860785311885
pregame_away_elo,defensive_trend,0.041847657530143564,0.041847657530143564
elo_trend,strength_gap_absolute,0.04178741003303419,0.04178741003303419
power_v3_calibrated_win_probability,offense_vs_opponent_defense_gap,0.04164626698841823,0.04164626698841823
projected_pace_interaction,rating_stability,-0.04161968925946417,0.04161968925946417
power_v3_recency_win_probability,offense_vs_opponent_defense_gap,0.04130526792599617,0.04130526792599617
rolling_margin_std_last_3,recent_vs_season_margin_delta,-0.04102069947241146,0.04102069947241146
pregame_home_elo,recent_result_volatility,-0.04025142806388948,0.04025142806388948
pregame_home_elo,rolling_margin_std_last_5,-0.04025142806388948,0.04025142806388948
strength_gap_absolute,rating_stability,0.040084758944474025,0.040084758944474025
recent_opponent_avg_power,opponent_games_played,0.04008203551266296,0.04008203551266296
predicted_win_probability,defensive_trend,-0.040042622873991615,0.040042622873991615
strength_gap_absolute,recent_opponent_avg_power,0.03974315728081406,0.03974315728081406
power_v3_calibrated_win_probability,recent_opponent_avg_elo,-0.03973595069598043,0.03973595069598043
rolling_trend_slope,defense_vs_opponent_offense_gap,-0.039209333753822996,0.039209333753822996
power_v3_calibrated_home_probability,recent_vs_season_margin_delta,-0.03913438702195431,0.03913438702195431
upset_rate,offense_vs_opponent_defense_gap,-0.03908411557617353,0.03908411557617353
pregame_home_elo,power_rating_trend,-0.03906472648283918,0.03906472648283918
predicted_win_probability,recent_opponent_avg_elo,-0.0387290534520521,0.0387290534520521
power_v3_calibrated_win_probability,close_game_rate,-0.03856045864848764,0.03856045864848764
power_v3_recency_win_probability,recent_opponent_avg_elo,-0.03845765736931147,0.03845765736931147
rolling_margin_last_3,recent_opponent_avg_power,0.038249990567588384,0.038249990567588384
predicted_win_probability,upset_rate,-0.037952198979565546,0.037952198979565546
elo_trend,rating_stability,-0.037829264315596904,0.037829264315596904
predicted_win_probability,rolling_margin_std_last_5,-0.03780523746493211,0.03780523746493211
predicted_win_probability,recent_result_volatility,-0.03780523746493211,0.03780523746493211
recent_vs_season_margin_delta,recent_opponent_avg_elo,-0.03775533842785728,0.03775533842785728
power_v3_recency_win_probability,close_game_rate,-0.03773810446258352,0.03773810446258352
rolling_margin_std_last_3,rolling_margin_last_5,0.037675069316427494,0.037675069316427494
power_v3_recency_home_probability,recent_vs_season_margin_delta,-0.037286821376649765,0.037286821376649765
predicted_win_probability,power_rating_trend,0.03723489886494265,0.03723489886494265
recent_vs_season_margin_delta,offense_defense_ratio,-0.03620454713081286,0.03620454713081286
close_game_rate,rating_stability,-0.03592109519491658,0.03592109519491658
close_game_rate,rolling_margin_last_5,-0.03588415413903605,0.03588415413903605
power_rating_trend,opponent_games_played,-0.035856573261395935,0.035856573261395935
pregame_home_elo,volatility_mismatch,0.035584708686719584,0.035584708686719584
rolling_trend_slope,volatility_mismatch,0.035148956547034246,0.035148956547034246
defensive_trend,recent_result_volatility,0.03435363724720389,0.03435363724720389
rolling_margin_std_last_5,defensive_trend,0.03435363724720388,0.03435363724720388
rolling_goals_against_std_last_5,offense_defense_ratio,0.0339605049272455,0.0339605049272455
pregame_home_elo,recent_opponent_avg_elo,0.03360934864627869,0.03360934864627869
predicted_win_probability,recent_vs_season_margin_delta,0.03357864884855404,0.03357864884855404
pregame_away_elo,close_game_rate,0.033532930098695485,0.033532930098695485
elo_home_probability,recent_opponent_avg_elo,0.03299711460169804,0.03299711460169804
power_v3_recency_win_probability,offensive_trend,0.03282650049122928,0.03282650049122928
power_v3_calibrated_win_probability,offensive_trend,0.03259182762813041,0.03259182762813041
offense_vs_opponent_defense_gap,opponent_games_played,-0.03242850288139872,0.03242850288139872
offensive_trend,opponent_games_played,-0.03219689330616855,0.03219689330616855
elo_diff_home,recent_opponent_avg_elo,0.0321596715682577,0.0321596715682577
pregame_away_elo,offensive_sos,0.031768788437673126,0.031768788437673126
rolling_margin_std_last_3,rolling_margin_last_3,0.03163808572340917,0.03163808572340917
upset_rate,offense_defense_ratio,0.03141474034169835,0.03141474034169835
pregame_home_elo,defensive_trend,0.030957099110500697,0.030957099110500697
elo_trend,projected_pace_interaction,-0.03080173817306484,0.03080173817306484
power_v3_calibrated_home_probability,recent_opponent_avg_elo,0.03042643563264941,0.03042643563264941
projected_pace_interaction,offensive_sos,0.03038202941406648,0.03038202941406648
offense_vs_opponent_defense_gap,projected_pace_interaction,-0.030293148871287343,0.030293148871287343
power_v3_recency_home_probability,recent_opponent_avg_elo,0.02983795814806702,0.02983795814806702
power_v3_calibrated_win_probability,power_v3_calibrated_home_probability,0.029785378408512097,0.029785378408512097
rolling_goals_against_std_last_5,recent_vs_season_margin_delta,-0.029252430172729084,0.029252430172729084
defensive_trend,opponent_games_played,-0.02883444611101563,0.02883444611101563
power_v3_recency_home_probability,defensive_trend,-0.028189822034728782,0.028189822034728782
elo_trend,volatility_mismatch,-0.02811944056506627,0.02811944056506627
power_v3_calibrated_home_probability,projected_pace_interaction,0.027835771536596002,0.027835771536596002
power_v3_calibrated_win_probability,power_v3_recency_home_probability,0.027738563665713256,0.027738563665713256
power_v3_calibrated_home_probability,defensive_trend,-0.02751484236462177,0.02751484236462177
power_v3_recency_home_probability,defense_vs_opponent_offense_gap,0.027161628702219363,0.027161628702219363
close_game_rate,rolling_trend_slope,-0.02700366546370878,0.02700366546370878
power_v3_recency_home_probability,projected_pace_interaction,0.02694001505011984,0.02694001505011984
pregame_home_elo,rating_stability,-0.026930039495682158,0.026930039495682158
power_v3_recency_win_probability,upset_rate,-0.026803289945760627,0.026803289945760627
elo_trend,offense_vs_opponent_defense_gap,-0.026773402128062083,0.026773402128062083
power_v3_recency_win_probability,power_v3_calibrated_home_probability,0.026768236140966534,0.026768236140966534
rolling_goals_for_std_last_5,recent_opponent_avg_power,-0.02669232679388916,0.02669232679388916
predicted_win_probability,offensive_sos,-0.026402841199759608,0.026402841199759608
offense_vs_opponent_defense_gap,defensive_sos,0.025389279384163688,0.025389279384163688
defense_vs_opponent_offense_gap,recent_opponent_avg_power,0.025371488257485034,0.025371488257485034
elo_home_probability,volatility_mismatch,-0.02488749282476402,0.02488749282476402
elo_home_probability,offense_defense_ratio,0.02480723724652862,0.02480723724652862
power_v3_recency_win_probability,power_v3_recency_home_probability,0.024711526196487116,0.024711526196487116
power_v3_calibrated_home_probability,defense_vs_opponent_offense_gap,0.024707086771073885,0.024707086771073885
power_v3_calibrated_win_probability,upset_rate,-0.024432212037135265,0.024432212037135265
elo_diff_home,offense_defense_ratio,0.02356173455991541,0.02356173455991541
predicted_win_probability,rating_stability,0.023097087524396532,0.023097087524396532
pregame_home_elo,rolling_margin_std_last_3,-0.02307642620367664,0.02307642620367664
pregame_away_elo,recent_vs_season_margin_delta,-0.022798944256211033,0.022798944256211033
rolling_margin_last_5,defensive_sos,0.02278638246575726,0.02278638246575726
rolling_margin_last_5,defense_vs_opponent_offense_gap,-0.02260979393650997,0.02260979393650997
opponent_win_pct,rating_stability,0.021887115017621205,0.021887115017621205
elo_diff_home,volatility_mismatch,-0.021884922849217548,0.021884922849217548
pregame_home_elo,rolling_goals_for_std_last_5,0.021814090799990745,0.021814090799990745
power_v3_recency_win_probability,rolling_goals_for_std_last_5,-0.02154916589235011,0.02154916589235011
elo_diff_home,recent_result_volatility,-0.021414776999922207,0.021414776999922207
elo_diff_home,rolling_margin_std_last_5,-0.021414776999922207,0.021414776999922207
rolling_goals_for_std_last_5,opponent_win_pct,-0.021409040126237767,0.021409040126237767
power_rating_trend,recent_result_volatility,0.02062989903014775,0.02062989903014775
rolling_margin_std_last_5,power_rating_trend,0.020629899030147728,0.020629899030147728
power_v3_recency_home_probability,rolling_margin_std_last_5,-0.020560013020600735,0.020560013020600735
power_v3_recency_home_probability,recent_result_volatility,-0.020560013020600735,0.020560013020600735
power_v3_calibrated_win_probability,rolling_goals_for_std_last_5,-0.02036807292250447,0.02036807292250447
rolling_margin_last_5,power_rating_trend,-0.020275111369541094,0.020275111369541094
rolling_margin_last_5,recent_vs_season_margin_delta,-0.020162025811502133,0.020162025811502133
close_game_rate,rolling_margin_last_3,-0.019813247087918536,0.019813247087918536
rolling_goals_for_std_last_5,projected_pace_interaction,-0.019690386545182778,0.019690386545182778
defensive_trend,defense_vs_opponent_offense_gap,-0.019640231473702925,0.019640231473702925
elo_home_probability,recent_result_volatility,-0.019295442644658704,0.019295442644658704
elo_home_probability,rolling_margin_std_last_5,-0.019295442644658704,0.019295442644658704
offense_vs_opponent_defense_gap,offensive_sos,0.018584460733961236,0.018584460733961236
power_v3_calibrated_home_probability,rolling_margin_std_last_5,-0.01827762608775962,0.01827762608775962
power_v3_calibrated_home_probability,recent_result_volatility,-0.01827762608775962,0.01827762608775962
power_v3_calibrated_home_probability,power_rating_trend,-0.017756570315424682,0.017756570315424682
rolling_trend_slope,offense_defense_ratio,-0.017659145749067302,0.017659145749067302
defense_vs_opponent_offense_gap,volatility_mismatch,0.017615780723020256,0.017615780723020256
elo_diff_home,recent_vs_season_margin_delta,-0.017234681393600324,0.017234681393600324
defensive_trend,recent_opponent_avg_elo,-0.017182295406964455,0.017182295406964455
power_v3_recency_home_probability,opponent_games_played,-0.016860760794347462,0.016860760794347462
power_v3_calibrated_win_probability,recent_vs_season_margin_delta,-0.01679521327206364,0.01679521327206364
predicted_win_probability,offense_vs_opponent_defense_gap,0.01655547628482827,0.01655547628482827
rolling_margin_std_last_3,defensive_sos,0.016409725386949743,0.016409725386949743
offense_vs_opponent_defense_gap,games_played,0.016354490394060242,0.016354490394060242
elo_home_probability,recent_vs_season_margin_delta,-0.016284961693318955,0.016284961693318955
power_v3_recency_home_probability,power_rating_trend,-0.0162556807374733,0.0162556807374733
rolling_margin_last_5,offensive_trend,0.016248620950632342,0.016248620950632342
strength_gap_absolute,offensive_sos,0.015883502119743532,0.015883502119743532
opponent_win_pct,games_played,0.015876911578708984,0.015876911578708984
elo_diff_home,offensive_trend,0.015677597944156737,0.015677597944156737
power_v3_recency_win_probability,recent_vs_season_margin_delta,-0.015649766313632157,0.015649766313632157
power_v3_calibrated_win_probability,offensive_sos,-0.014941383936873049,0.014941383936873049
power_v3_calibrated_home_probability,opponent_games_played,-0.01488505519200775,0.01488505519200775
elo_home_probability,offensive_trend,0.01478305819288949,0.01478305819288949
rolling_margin_std_last_3,projected_pace_interaction,0.014708397619959067,0.014708397619959067
volatility_mismatch,opponent_win_pct,-0.014093728766662064,0.014093728766662064
rolling_goals_against_std_last_5,upset_rate,0.013399556988014615,0.013399556988014615
projected_pace_interaction,offense_defense_ratio,-0.013096627854232493,0.013096627854232493
offense_defense_ratio,recent_opponent_avg_power,0.012593814639875458,0.012593814639875458
power_v3_recency_win_probability,offensive_sos,-0.012301940089176984,0.012301940089176984
pregame_away_elo,recent_result_volatility,-0.012189841206991492,0.012189841206991492
pregame_away_elo,rolling_margin_std_last_5,-0.012189841206991492,0.012189841206991492
rolling_goals_for_std_last_5,defensive_trend,0.012135988033133828,0.012135988033133828
volatility_mismatch,recent_opponent_avg_elo,-0.011450801326086217,0.011450801326086217
defensive_trend,volatility_mismatch,-0.011303765165471985,0.011303765165471985
defensive_sos,games_played,-0.010764103526563701,0.010764103526563701
predicted_win_probability,rolling_trend_slope,0.010625287575810894,0.010625287575810894
defense_vs_opponent_offense_gap,projected_pace_interaction,-0.010439138584236118,0.010439138584236118
pregame_away_elo,recent_opponent_avg_elo,-0.010214237660271902,0.010214237660271902
defensive_trend,offense_defense_ratio,0.00970067465531168,0.00970067465531168
rolling_trend_slope,opponent_games_played,0.00916155273898721,0.00916155273898721
defense_vs_opponent_offense_gap,offense_defense_ratio,-0.008788668016614409,0.008788668016614409
defensive_sos,recent_result_volatility,0.008784608707041421,0.008784608707041421
rolling_margin_std_last_5,defensive_sos,0.008784608707041409,0.008784608707041409
predicted_win_probability,rolling_goals_for_std_last_5,-0.008340500906078668,0.008340500906078668
opponent_win_pct,opponent_games_played,-0.008016144018167665,0.008016144018167665
strength_gap_absolute,offense_defense_ratio,0.008000039674353681,0.008000039674353681
offense_vs_opponent_defense_gap,strength_gap_absolute,-0.007940535462311974,0.007940535462311974
elo_diff_home,projected_pace_interaction,0.00793430682202101,0.00793430682202101
power_v3_calibrated_home_probability,volatility_mismatch,-0.007826537432563388,0.007826537432563388
elo_home_probability,opponent_games_played,-0.00776499688270834,0.00776499688270834
upset_rate,strength_gap_absolute,0.0076849544524481145,0.0076849544524481145
elo_home_probability,projected_pace_interaction,0.007498034832674261,0.007498034832674261
rolling_margin_std_last_5,projected_pace_interaction,0.0072490249747003575,0.0072490249747003575
projected_pace_interaction,recent_result_volatility,0.007249024974700357,0.007249024974700357
elo_diff_home,opponent_games_played,-0.006916838806640802,0.006916838806640802
elo_home_probability,power_rating_trend,0.006830010211679828,0.006830010211679828
offense_vs_opponent_defense_gap,recent_opponent_avg_power,0.0065557518963969596,0.0065557518963969596
elo_diff_home,defensive_trend,-0.006266938764722758,0.006266938764722758
elo_diff_home,power_rating_trend,0.006209435382915004,0.006209435382915004
power_v3_calibrated_home_probability,offense_defense_ratio,0.0060224774177097965,0.0060224774177097965
power_v3_calibrated_win_probability,power_rating_trend,-0.00588667862438914,0.00588667862438914
power_v3_recency_home_probability,volatility_mismatch,-0.005789968534536925,0.005789968534536925
offensive_trend,games_played,0.0057299638175321846,0.0057299638175321846
power_v3_recency_home_probability,offense_defense_ratio,0.0056559691302125745,0.0056559691302125745
rolling_margin_last_3,defensive_sos,-0.005608551753270511,0.005608551753270511
power_v3_calibrated_win_probability,rolling_goals_against_std_last_5,-0.005313450675566623,0.005313450675566623
power_v3_recency_win_probability,power_rating_trend,-0.005079333808679762,0.005079333808679762
offense_vs_opponent_defense_gap,opponent_win_pct,-0.0050730542587099975,0.0050730542587099975
power_v3_recency_win_probability,rolling_margin_std_last_3,0.004953654196037679,0.004953654196037679
predicted_win_probability,rolling_goals_against_std_last_5,-0.004644786230744734,0.004644786230744734
power_v3_recency_win_probability,rolling_goals_against_std_last_5,-0.0042396184515913985,0.0042396184515913985
elo_trend,recent_opponent_avg_elo,0.004185853644031453,0.004185853644031453
elo_home_probability,defensive_trend,-0.004149644346716571,0.004149644346716571
power_v3_calibrated_home_probability,offensive_trend,-0.004070163480171377,0.004070163480171377
rolling_goals_against_std_last_5,defensive_trend,0.0039668508924929876,0.0039668508924929876
rolling_margin_last_5,projected_pace_interaction,-0.003884085118590203,0.003884085118590203
power_v3_calibrated_win_probability,rating_stability,0.0036508815415871687,0.0036508815415871687
power_v3_recency_win_probability,rating_stability,0.003644649372096636,0.003644649372096636
rolling_margin_last_3,projected_pace_interaction,0.0032546405651836447,0.0032546405651836447
elo_trend,opponent_games_played,0.0032078242296549415,0.0032078242296549415
power_v3_calibrated_win_probability,rolling_margin_std_last_3,0.0031327738325279612,0.0031327738325279612
defensive_trend,projected_pace_interaction,0.003056663678793122,0.003056663678793122
rolling_goals_against_std_last_5,close_game_rate,-0.0026114813253876883,0.0026114813253876883
offensive_trend,recent_result_volatility,0.002587883620510607,0.002587883620510607
rolling_margin_std_last_5,offensive_trend,0.0025878836205105835,0.0025878836205105835
power_v3_calibrated_win_probability,rolling_trend_slope,-0.0019934226394956807,0.0019934226394956807
elo_trend,offense_defense_ratio,0.0018677680074743214,0.0018677680074743214
power_v3_recency_home_probability,offensive_trend,-0.0010341280847903896,0.0010341280847903896
power_v3_recency_win_probability,rolling_trend_slope,-0.0007994726156136125,0.0007994726156136125
rolling_trend_slope,recent_opponent_avg_elo,0.00021940875203659436,0.00021940875203659436
close_game_rate,projected_pace_interaction,0.0002087579437083165,0.0002087579437083165
predicted_win_probability,rolling_margin_std_last_3,0.00011206872283806661,0.00011206872283806661
