game_id,game_date,home_team,away_team,hybrid_predicted_winner,hybrid_edge_label,hybrid_confidence_tier,upset_risk,poisson_power_agreement,expected_home_goals,expected_away_goals,expected_total_goals,expected_margin,most_likely_score,poisson_close_game_probability,poisson_upset_probability,model_agreement,volatility_score,strength_differential_score,matchup_consistency,score_projection_component,confidence_component,distribution_component
c015fc060c5fdc98,2026-04-22,Southington 12U Blue,Wolcott 12U,Wolcott 12U,toss-up,low,elevated,split,5.53121808794228,3.648039216283935,9.179257304226216,1.8831788716583449,5-3,0.5196,0.2134,0.9962888532773256,0.1192029220221176,0.3775406687981454,0.6316327031599452,"Southington 12U Blue 5.5, Wolcott 12U 3.6",low confidence; elevated upset risk; split model agreement,52.0% close-game probability; 21.3% simulation upset probability
3651cbf6a3ac00f4,2026-04-23,West Hartford 12U Gold,Farmington 12U Black,West Hartford 12U Gold,slight edge,medium,low,split,5.185989744404967,9.064480789305788,14.250470533710754,-3.8784910449008194,5-8,0.3234,0.1215,0.9839120920035616,0.7310585786300049,0.9046505351008906,0.7376880761095032,"West Hartford 12U Gold 5.2, Farmington 12U Black 9.1",medium confidence; low upset risk; split model agreement,32.3% close-game probability; 12.2% simulation upset probability
725324c21d412671,2026-04-23,Suffield 12U,Ellington 12U,Suffield 12U,solid favorite,medium,moderate,directional,13.31943933898924,2.4231215821185805,15.742560921107822,10.89631775687066,12-2,0.0126,0.0011,0.9439430825788966,0.6224593312018546,0.9947798743064415,0.7221241122731196,"Suffield 12U 13.3, Ellington 12U 2.4",medium confidence; moderate upset risk; directional model agreement,1.3% close-game probability; 0.1% simulation upset probability
b9f6da52361d9b5e,2026-04-24,Simsbury 12U A,Wethersfield 12U A,Simsbury 12U A,toss-up,medium,moderate,directional,10.165811995833842,3.328271519370056,13.494083515203895,6.837540476463786,10-3,0.1098,0.0186,1.0,0.7310585786300049,0.2689414213699951,0.8251880761095032,"Simsbury 12U A 10.2, Wethersfield 12U A 3.3",medium confidence; moderate upset risk; directional model agreement,11.0% close-game probability; 1.9% simulation upset probability
bb5e79aa53ad144c,2026-04-24,Berlin 12U A,Wolcott 12U,Wolcott 12U,toss-up,medium,moderate,split,6.418972987407011,4.003925939271738,10.42289892667875,2.415047048135273,6-4,0.4586,0.1814,0.9974111068711332,0.9674572517036046,0.3029407160345927,0.6537130482142547,"Berlin 12U A 6.4, Wolcott 12U 4.0",medium confidence; moderate upset risk; split model agreement,45.9% close-game probability; 18.1% simulation upset probability
c09881889401d47d,2026-04-24,Southington 12U White,Bristol 12U,Southington 12U White,slight edge,medium,low,directional,6.382326915833059,3.2076948376273537,9.590021753460412,3.174632078205706,6-2,0.3876,0.1183,0.9772292448818984,0.9890130573694068,0.6224593312018546,0.6146168927678838,"Southington 12U White 6.4, Bristol 12U 3.2",medium confidence; low upset risk; directional model agreement,38.8% close-game probability; 11.8% simulation upset probability
e5fe74c3450b96be,2026-04-24,Colchester 12U,Middletown 12U,Colchester 12U,toss-up,medium,moderate,directional,11.50942164959081,3.700514257528966,15.209935907119776,7.808907392061844,12-3,0.0794,0.0132,0.996810297644,0.7310585786300049,0.320821300824607,0.7376880761095032,"Colchester 12U 11.5, Middletown 12U 3.7",medium confidence; moderate upset risk; directional model agreement,7.9% close-game probability; 1.3% simulation upset probability
2c16475e59ca2df5,2026-04-25,Avon 12U B,West Hartford 12U White,Avon 12U B,toss-up,medium,moderate,directional,7.841805803239786,4.768564656739774,12.61037045997956,3.0732411465000116,7-5,0.3842,0.1518,1.0,0.7310585786300049,0.2689414213699951,0.8251880761095032,"Avon 12U B 7.8, West Hartford 12U White 4.8",medium confidence; moderate upset risk; directional model agreement,38.4% close-game probability; 15.2% simulation upset probability
3bf2d41b33a33585,2026-04-25,Westfield 12U Black,Minnechaug 12U White,Minnechaug 12U White,toss-up,low,moderate,split,7.253168256274149,3.315977765844186,10.569146022118336,3.937190490429963,7-3,0.3163,0.0838,0.9922460048095328,0.835674564436381,0.4275958885229786,0.7179472299569293,"Westfield 12U Black 7.3, Minnechaug 12U White 3.3",low confidence; moderate upset risk; split model agreement,31.6% close-game probability; 8.4% simulation upset probability
616512d7fe4b14aa,2026-04-25,Ellington 12U,Vernon 12U,Vernon 12U,toss-up,medium,moderate,split,4.1072905209118975,3.616082330524619,7.723372851436516,0.4912081903872787,4-3,0.6364,0.3609,0.993826105957978,0.679178699175393,0.5926665999540697,0.817606010871605,"Ellington 12U 4.1, Vernon 12U 3.6",medium confidence; moderate upset risk; split model agreement,63.6% close-game probability; 36.1% simulation upset probability
891dd55ea3c8ae28,2026-04-25,Avon 12U,Southington 12U Blue,Southington 12U Blue,slight edge,medium,low,strong,4.535295287371516,5.805146618854414,10.34044190622593,-1.2698513314828972,4-6,0.5438,0.2936,0.965885301902358,0.9793209443376616,0.6224593312018546,0.6366894322011574,"Avon 12U 4.5, Southington 12U Blue 5.8",medium confidence; low upset risk; strong model agreement,54.4% close-game probability; 29.4% simulation upset probability
8b43b577819bdcab,2026-04-25,Granby 12U,Suffield Juniors 1 Blue,Suffield Juniors 1 Blue,slight edge,low,elevated,split,5.2647760520174085,5.116295045542229,10.381071097559635,0.1484810064751798,5-4,0.5574,0.4149,0.9830962310769082,0.1241895283546616,0.3973146620215083,0.6332821013000853,"Granby 12U 5.3, Suffield Juniors 1 Blue 5.1",low confidence; elevated upset risk; split model agreement,55.7% close-game probability; 41.5% simulation upset probability
91bb3d8d88b59b33,2026-04-25,West Hartford 12U Gold,Newington 12U,West Hartford 12U Gold,solid favorite,high,low,directional,8.987783271602458,3.607183489789026,12.594966761391484,5.380599781813433,8-3,0.2001,0.0456,0.943039089907238,0.8838611007166497,0.9669140216112958,0.7915660862684328,"West Hartford 12U Gold 9.0, Newington 12U 3.6",high confidence; low upset risk; directional model agreement,20.0% close-game probability; 4.6% simulation upset probability
e41c1bef3e9002e6,2026-04-25,Suffield 12U White,Simsbury 12U Blue,Suffield 12U White,slight edge,low,moderate,split,4.897739899787025,5.46255408739235,10.360293987179377,-0.5648141876053252,5-5,0.5626,0.3592,0.9754060905697362,0.5621765008857981,0.5926665999540697,0.8012769619203179,"Suffield 12U White 4.9, Simsbury 12U Blue 5.5",low confidence; moderate upset risk; split model agreement,56.3% close-game probability; 35.9% simulation upset probability
072bfa5e327b2480,2026-04-26,Somers 12U White,Simsbury 12U A,Somers 12U White,toss-up,low,elevated,split,4.500517550117695,9.648879984298798,14.149397534416494,-5.148362434181103,4-8,0.2163,0.0622,0.9913971621744132,0.0435515590371488,0.285637570508944,0.5964471712595147,"Somers 12U White 4.5, Simsbury 12U A 9.6",low confidence; elevated upset risk; split model agreement,21.6% close-game probability; 6.2% simulation upset probability
1e090b21cb3dc379,2026-04-26,Avon 12U B,West Hartford 12U Green,West Hartford 12U Green,toss-up,medium,moderate,strong,5.409203796950559,6.056443521509562,11.46564731846012,-0.6472397245590029,5-6,0.543,0.3644,0.9837346620632677,0.7310585786300049,0.5,0.6501880761095031,"Avon 12U B 5.4, West Hartford 12U Green 6.1",medium confidence; moderate upset risk; strong model agreement,54.3% close-game probability; 36.4% simulation upset probability
42f096cf25d21849,2026-04-26,Avon 12U,West Hartford 12U Gold,West Hartford 12U Gold,slight edge,medium,low,split,8.035235510223584,3.8919471190372783,11.927182629260862,4.1432883911863065,8-3,0.3002,0.0843,0.988687538112158,0.8464606437862121,0.8175744761936437,0.6277332829400368,"Avon 12U 8.0, West Hartford 12U Gold 3.9",medium confidence; low upset risk; split model agreement,30.0% close-game probability; 8.4% simulation upset probability
54c2dffcc1d63ff4,2026-04-26,Farmington 12U Red,Simsbury 12U Blue,Simsbury 12U Blue,toss-up,low,moderate,split,5.52318779879523,3.9410028239957215,9.464190622790952,1.5821849747995085,5-3,0.5289,0.2464,0.7399633448242315,0.803489506030947,0.5621765008857981,0.7250979813202356,"Farmington 12U Red 5.5, Simsbury 12U Blue 3.9",low confidence; moderate upset risk; split model agreement,52.9% close-game probability; 24.6% simulation upset probability
771b4767d7a54ca4,2026-04-26,RHAM 12U,Tolland 12U,RHAM 12U,slight edge,medium,low,directional,6.259433451060591,3.985288233149565,10.244721684210155,2.274145217911026,6-4,0.4692,0.1894,0.968588064135582,0.7310585786300049,0.7310585786300049,0.7376880761095032,"RHAM 12U 6.3, Tolland 12U 4.0",medium confidence; low upset risk; directional model agreement,46.9% close-game probability; 18.9% simulation upset probability
79234c725f75b9a8,2026-04-26,Wethersfield 12U A,Glastonbury 12U White,Glastonbury 12U White,toss-up,low,moderate,split,5.495430006127189,4.233199557216477,9.728629563343668,1.262230448910712,5-3,0.553,0.2789,0.7570185284132778,0.7310585786300049,0.3775406687981454,0.7376880761095032,"Wethersfield 12U A 5.5, Glastonbury 12U White 4.2",low confidence; moderate upset risk; split model agreement,55.3% close-game probability; 27.9% simulation upset probability
95fea15e499542c7,2026-04-26,Minnechaug 12U,Suffield 12U,Suffield 12U,slight edge,low,elevated,directional,5.967156199899219,9.778935935223275,15.746092135122495,-3.811779735324058,5-9,0.3165,0.1378,0.9629796962543562,0.0627783955494089,0.5825702064623147,0.5205962810192066,"Minnechaug 12U 6.0, Suffield 12U 9.8",low confidence; elevated upset risk; directional model agreement,31.6% close-game probability; 13.8% simulation upset probability
b3740402c9666a1a,2026-04-26,Minnechaug 12U White,Suffield 12U White,Minnechaug 12U White,toss-up,low,elevated,split,4.781272856629223,7.163274410670189,11.944547267299413,-2.382001554040966,4-6,0.4334,0.1921,0.7581683538133122,0.5933608244478378,0.2856375705089441,0.718089708629689,"Minnechaug 12U White 4.8, Suffield 12U White 7.2",low confidence; elevated upset risk; split model agreement,43.3% close-game probability; 19.2% simulation upset probability
c815a379a792b9e3,2026-04-26,Wethersfield 12U B,Glastonbury 12U Blue,Wethersfield 12U B,toss-up,medium,moderate,directional,8.139513573634057,6.289787020852896,14.429300594486952,1.8497265527811608,8-6,0.4503,0.2738,0.9980329552331856,0.7310585786300049,0.3775406687981454,0.7376880761095032,"Wethersfield 12U B 8.1, Glastonbury 12U Blue 6.3",medium confidence; moderate upset risk; directional model agreement,45.0% close-game probability; 27.4% simulation upset probability
2589d952bb384ca7,2026-04-27,Minnechaug 12U,Longmeadow 12U Black,Minnechaug 12U,slight edge,low,elevated,split,6.385652987808557,9.167921874307424,15.553574862115982,-2.7822688864988674,6-8,0.3814,0.2007,0.9744002320271744,0.0407400216184813,0.5774953651858118,0.2695285286119583,"Minnechaug 12U 6.4, Longmeadow 12U Black 9.2",low confidence; elevated upset risk; split model agreement,38.1% close-game probability; 20.1% simulation upset probability
6492fbf7bb2df32d,2026-04-27,Westfield 12U Black,East Longmeadow 12U White,East Longmeadow 12U White,toss-up,low,moderate,split,6.195125597392634,3.977789937962609,10.172915535355244,2.217335659430025,6-3,0.4734,0.1895,0.9964736876665624,0.8764134787151378,0.320821300824607,0.6159708002158665,"Westfield 12U Black 6.2, East Longmeadow 12U White 4.0",low confidence; moderate upset risk; split model agreement,47.3% close-game probability; 18.9% simulation upset probability
69988470e0ef2a00,2026-04-27,Farmington 12U Black,Simsbury 12U A,Farmington 12U Black,toss-up,high,low,strong,6.171927777456267,5.463137089123818,11.635064866580084,0.7087906883324484,6-6,0.5382,0.3554,0.9890181569872116,0.9859363729567544,0.7057850278370112,0.6229640431206854,"Farmington 12U Black 6.2, Simsbury 12U A 5.5",high confidence; low upset risk; strong model agreement,53.8% close-game probability; 35.5% simulation upset probability
8f9432596e3c38a9,2026-04-27,Bristol 12U,Newington 12U,Bristol 12U,slight edge,low,moderate,strong,4.618005751882665,3.5215667110861624,8.139572462968827,1.0964390407965023,4-3,0.591,0.2876,0.973422200765715,0.586681139028314,0.4947918550386027,0.446808324971815,"Bristol 12U 4.6, Newington 12U 3.5",low confidence; moderate upset risk; strong model agreement,59.1% close-game probability; 28.8% simulation upset probability
e260cfafeb9a0887,2026-04-27,Southington 12U White,West Hartford 12U White,West Hartford 12U White,toss-up,low,moderate,split,6.381463916127553,5.50603863864324,11.887502554770792,0.8754252774843128,6-5,0.5138,0.341,0.9856483595746388,0.7310585786300049,0.3775406687981454,0.8251880761095032,"Southington 12U White 6.4, West Hartford 12U White 5.5",low confidence; moderate upset risk; split model agreement,51.4% close-game probability; 34.1% simulation upset probability
2b33716b4f521aa2,2026-04-28,Agawam 12U,East Longmeadow 12U A,East Longmeadow 12U A,slight edge,low,moderate,split,5.852632676306016,3.2406745024881976,9.093307178794214,2.611958173817819,6-3,0.4502,0.1434,0.9820750878249664,0.6224593312018546,0.6224593312018546,0.7221241122731196,"Agawam 12U 5.9, East Longmeadow 12U A 3.2",low confidence; moderate upset risk; split model agreement,45.0% close-game probability; 14.3% simulation upset probability
3be49081041bd4ba,2026-04-28,Southington 12U Blue,Berlin 12U A,Southington 12U Blue,slight edge,low,elevated,directional,12.13400193653426,2.655161848836258,14.789163785370516,9.478840087698002,12-2,0.0275,0.0028,0.9772982685120412,0.0805677498963358,0.5774953651858118,0.4483944306621906,"Southington 12U Blue 12.1, Berlin 12U A 2.7",low confidence; elevated upset risk; directional model agreement,2.8% close-game probability; 0.3% simulation upset probability
4b79b06df5378d3b,2026-04-28,South Hadley 12U,Belchertown 12U,Belchertown 12U,toss-up,medium,low,split,5.766669280249859,3.5917858690190383,9.358455149268895,2.174883411230821,5-3,0.4967,0.1847,0.9897018934677212,0.7310585786300049,0.8807970779778823,0.8251880761095032,"South Hadley 12U 5.8, Belchertown 12U 3.6",medium confidence; low upset risk; split model agreement,49.7% close-game probability; 18.5% simulation upset probability
4d7dc39c0a1c1123,2026-04-28,Colchester 12U,Glastonbury 12U Blue,Colchester 12U,slight edge,medium,moderate,directional,8.521561364178917,3.4966767776501526,12.01823814182907,5.0248845865287635,9-3,0.2218,0.0498,0.9802541454512824,0.7310585786300049,0.679178699175393,0.6501880761095031,"Colchester 12U 8.5, Glastonbury 12U Blue 3.5",medium confidence; moderate upset risk; directional model agreement,22.2% close-game probability; 5.0% simulation upset probability
6dbce7b1c0f48074,2026-04-28,Wolcott 12U,Burlington 12U,Burlington 12U,slight edge,low,elevated,moderate,5.776340998259281,7.29765508507584,13.07399608333512,-1.5213140868165589,6-8,0.486,0.2851,0.7284548015669291,0.2513076875079754,0.6224593312018546,0.4676641515589113,"Wolcott 12U 5.8, Burlington 12U 7.3",low confidence; elevated upset risk; moderate model agreement,48.6% close-game probability; 28.5% simulation upset probability
dc66565cc0513128,2026-04-28,Wethersfield 12U B,RHAM 12U,RHAM 12U,slight edge,low,moderate,split,6.139455698019333,5.87921367082346,12.018669368842794,0.2602420271958729,6-6,0.5333,0.4117,0.9676519438960858,0.679178699175393,0.5926665999540697,0.6426060108716051,"Wethersfield 12U B 6.1, RHAM 12U 5.9",low confidence; moderate upset risk; split model agreement,53.3% close-game probability; 41.2% simulation upset probability
e520d55cebe7b092,2026-04-28,West Springfield 12U,Northampton 12U,West Springfield 12U,slight edge,medium,moderate,directional,7.736955362669557,4.9358032434268635,12.67275860609642,2.801152119242693,8-4,0.396,0.1771,0.9827745109504744,0.5621765008857981,0.4687906266262437,0.7137769619203179,"West Springfield 12U 7.7, Northampton 12U 4.9",medium confidence; moderate upset risk; directional model agreement,39.6% close-game probability; 17.7% simulation upset probability
19ced5952cdbcd5a,2026-04-29,West Hartford 12U Gold,Southington 12U Blue,West Hartford 12U Gold,slight edge,medium,low,moderate,5.034691539060082,3.516871397886224,8.551562936946306,1.5178201411738583,5-3,0.5515,0.2401,0.982898012959324,0.8165293422822086,0.7310585786300049,0.8098524940759888,"West Hartford 12U Gold 5.0, Southington 12U Blue 3.5",medium confidence; low upset risk; moderate model agreement,55.1% close-game probability; 24.0% simulation upset probability
502a2651ccd24c37,2026-04-29,Granby 12U,South Windsor 12U,South Windsor 12U,toss-up,low,moderate,split,5.9599841862407335,4.296294861359286,10.25627904760002,1.6636893248814475,6-4,0.506,0.2501,0.9947124052176662,0.6350602980111435,0.2689414213699951,0.5844091334149132,"Granby 12U 6.0, South Windsor 12U 4.3",low confidence; moderate upset risk; split model agreement,50.6% close-game probability; 25.0% simulation upset probability
87d62cb0eb1cec38,2026-04-29,Suffield 12U,Westfield 12U Red,Suffield 12U,toss-up,medium,moderate,moderate,8.64895261554386,7.362335528714512,16.011288144258373,1.2866170868293487,7-7,0.4537,0.3197,0.9953005628336312,0.6252682275140113,0.3439290994492424,0.714675716047788,"Suffield 12U 8.6, Westfield 12U Red 7.4",medium confidence; moderate upset risk; moderate model agreement,45.4% close-game probability; 32.0% simulation upset probability
ab81ff7374e75252,2026-04-29,Simsbury 12U Blue,West Hartford 12U White,West Hartford 12U White,toss-up,low,moderate,split,7.26888481899426,4.382592801388731,11.651477620382993,2.8862920176055287,8-4,0.4017,0.155,0.993731182615917,0.6482135325407508,0.334589441253186,0.7178824841490231,"Simsbury 12U Blue 7.3, West Hartford 12U White 4.4",low confidence; moderate upset risk; split model agreement,40.2% close-game probability; 15.5% simulation upset probability
b8cfe4cdda448e90,2026-04-29,Somers 12U Red,Longmeadow 12U White,Longmeadow 12U White,toss-up,medium,moderate,moderate,5.971437300480829,7.1035608399289245,13.074998140409754,-1.132123539448095,6-7,0.4894,0.3246,0.9980883788173296,0.6291554702598343,0.2856375705089441,0.7230563299547821,"Somers 12U Red 6.0, Longmeadow 12U White 7.1",medium confidence; moderate upset risk; moderate model agreement,48.9% close-game probability; 32.5% simulation upset probability
c5a1d57eb4e33346,2026-04-29,Belchertown 12U,Northampton 12U,Belchertown 12U,slight edge,medium,moderate,directional,8.847874727881504,3.899375374677311,12.747250102558814,4.948499353204193,8-3,0.2307,0.059,0.9835729083049454,0.5621765008857981,0.4687906266262437,0.626276961920318,"Belchertown 12U 8.8, Northampton 12U 3.9",medium confidence; moderate upset risk; directional model agreement,23.1% close-game probability; 5.9% simulation upset probability
cbc0a9e2e481ce52,2026-04-29,Newington 12U,Vernon 12U,Vernon 12U,toss-up,low,elevated,split,11.785441428730088,4.371921430503555,16.157362859233643,7.413519998226532,11-4,0.1033,0.0218,0.9940517729999648,0.3644407442499652,0.2788848219771369,0.7605474670121319,"Newington 12U 11.8, Vernon 12U 4.4",low confidence; elevated upset risk; split model agreement,10.3% close-game probability; 2.2% simulation upset probability
247f02c6f787cac0,2026-04-30,Westfield 12U Black,Agawam 12U,Westfield 12U Black,toss-up,medium,moderate,moderate,6.582039423363611,5.435705057357916,12.017744480721529,1.1463343660056946,6-4,0.5056,0.3181,0.9806844693689964,0.9185246352411668,0.401312339887548,0.5117959676054797,"Westfield 12U Black 6.6, Agawam 12U 5.4",medium confidence; moderate upset risk; moderate model agreement,50.6% close-game probability; 31.8% simulation upset probability
4c35cd9df207f850,2026-04-30,Bristol 12U,Wolcott 12U,Wolcott 12U,toss-up,low,elevated,split,4.550245887540502,3.1056152648322786,7.655861152372781,1.4446306227082233,4-3,0.5804,0.2356,0.7557260859857082,0.376228853901462,0.3834334954786806,0.4514345972072735,"Bristol 12U 4.6, Wolcott 12U 3.1",low confidence; elevated upset risk; split model agreement,58.0% close-game probability; 23.6% simulation upset probability
5930e72177aa6fe6,2026-04-30,West Hartford 12U Green,Glastonbury 12U Blue,West Hartford 12U Green,solid favorite,medium,moderate,directional,8.825808132177958,3.547272420313945,12.373080552491905,5.278535711864013,9-3,0.1968,0.0468,0.93955860374716,0.5,0.8175744761936437,0.6176083018810581,"West Hartford 12U Green 8.8, Glastonbury 12U Blue 3.5",medium confidence; moderate upset risk; directional model agreement,19.7% close-game probability; 4.7% simulation upset probability
69b9c4bbc5fd0a96,2026-04-30,West Hartford 12U Gold,Glastonbury 12U White,West Hartford 12U Gold,solid favorite,low,moderate,directional,10.962315537984807,3.4898855213523365,14.452201059337144,7.472430016632471,11-3,0.0909,0.0147,0.9565928734857956,0.1998123994505773,0.9046505351008906,0.5971657195192821,"West Hartford 12U Gold 11.0, Glastonbury 12U White 3.5",low confidence; moderate upset risk; directional model agreement,9.1% close-game probability; 1.5% simulation upset probability
df05d6c6dca12cd6,2026-04-30,West Springfield 12U,East Longmeadow 12U A,West Springfield 12U,solid favorite,medium,moderate,directional,8.586710344705452,3.938610931542865,12.525321276248317,4.648099413162587,8-3,0.2552,0.0708,0.9501452692628058,0.8360560844634963,0.8519528019683106,0.7178543175728415,"West Springfield 12U 8.6, East Longmeadow 12U A 3.9",medium confidence; moderate upset risk; directional model agreement,25.5% close-game probability; 7.1% simulation upset probability
f2e6bb9a1fe3f41a,2026-04-30,Ellington 12U,Somers 12U White,Somers 12U White,solid favorite,medium,moderate,split,5.506801867411818,5.002223623097658,10.509025490509476,0.5045782443141604,5-4,0.5546,0.3734,0.9597519027682336,0.9165870933325874,0.8466199849310081,0.5017484155063987,"Ellington 12U 5.5, Somers 12U White 5.0",medium confidence; moderate upset risk; split model agreement,55.5% close-game probability; 37.3% simulation upset probability
485a34f801dee5c7,2026-05-01,Berlin 12U A,Bristol 12U,Bristol 12U,slight edge,low,moderate,split,5.917152074642722,3.5577013737787095,9.474853448421433,2.3594507008640124,5-3,0.4763,0.1747,0.9901270879222132,0.9452352281269728,0.4073334000459302,0.7280810242032798,"Berlin 12U A 5.9, Bristol 12U 3.6",low confidence; moderate upset risk; split model agreement,47.6% close-game probability; 17.5% simulation upset probability
8b72e2246a5ce728,2026-05-01,Wolcott 12U,Middletown 12U,Wolcott 12U,slight edge,low,elevated,split,5.378522616609591,8.45171400204347,13.83023661865306,-3.073191385433879,5-9,0.3804,0.1598,0.9911900734167928,0.3645784207525455,0.4174297935376853,0.6423598728128446,"Wolcott 12U 5.4, Middletown 12U 8.5",low confidence; elevated upset risk; split model agreement,38.0% close-game probability; 16.0% simulation upset probability
9607ceec5c868a57,2026-05-01,Somers 12U White,South Hadley 12U,Somers 12U White,solid favorite,medium,moderate,moderate,8.772108024330949,5.809011265180616,14.581119289511566,2.963096759150333,9-4,0.3834,0.1847,0.966608502715522,0.6044341655110355,0.8859476187202091,0.6338922089112271,"Somers 12U White 8.8, South Hadley 12U 5.8",medium confidence; moderate upset risk; moderate model agreement,38.3% close-game probability; 18.5% simulation upset probability
97c34c6bbcbb0a44,2026-05-01,East Longmeadow 12U A,Minnechaug 12U,Minnechaug 12U,strong favorite,medium,low,split,5.181673869858497,4.976782156297796,10.158456026156294,0.2048917135607011,5-4,0.5726,0.4173,0.9327161981156944,0.9330483492653616,0.9241418199787566,0.6157184095720015,"East Longmeadow 12U A 5.2, Minnechaug 12U 5.0",medium confidence; low upset risk; split model agreement,57.3% close-game probability; 41.7% simulation upset probability
2085dacc82877b69,2026-05-02,Westfield 12U Black,Simsbury 12U Blue,Westfield 12U Black,toss-up,medium,moderate,moderate,6.4704279736308035,5.158318187608256,11.62874616123906,1.312109786022547,6-5,0.5101,0.2964,0.9980851365989656,0.7919524190964352,0.2755454045751979,0.6129046988207043,"Westfield 12U Black 6.5, Simsbury 12U Blue 5.2",medium confidence; moderate upset risk; moderate model agreement,51.0% close-game probability; 29.6% simulation upset probability
302eb1dcb8003867,2026-05-02,Vernon 12U,RHAM 12U,RHAM 12U,strong favorite,medium,moderate,strong,5.271518031557397,8.35653198669985,13.628050018257246,-3.085013955142452,5-9,0.3753,0.1621,0.9302915211722624,0.260910525891292,0.8519528019683106,0.5793240028576261,"Vernon 12U 5.3, RHAM 12U 8.4",medium confidence; moderate upset risk; strong model agreement,37.5% close-game probability; 16.2% simulation upset probability
355a5457f34c1c2c,2026-05-02,Middletown 12U,Burlington 12U,Burlington 12U,solid favorite,medium,moderate,moderate,5.684115115904346,8.764163651331526,14.448278767235871,-3.0800485354271796,5-9,0.3724,0.1681,0.9595860089324726,0.7663232547081796,0.6970592839654074,0.7320350741114315,"Middletown 12U 5.7, Burlington 12U 8.8",medium confidence; moderate upset risk; moderate model agreement,37.2% close-game probability; 16.8% simulation upset probability
b0e9706b9dc83d58,2026-05-02,Simsbury 12U A,Granby 12U,Granby 12U,toss-up,low,elevated,split,8.636523808370507,3.8898528870930815,12.526376695463588,4.746670921277426,9-3,0.244,0.0637,0.7581495867703973,0.7739849797504201,0.3658644089891993,0.5768773479997884,"Simsbury 12U A 8.6, Granby 12U 3.9",low confidence; elevated upset risk; split model agreement,24.4% close-game probability; 6.4% simulation upset probability
d9cc3c6eac670ce6,2026-05-02,South Windsor 12U,Tolland 12U,South Windsor 12U,slight edge,low,elevated,directional,9.273679357982862,4.126383799399379,13.400063157382242,5.147295558583483,9-4,0.2277,0.0586,0.975473149938333,0.0713044369417831,0.7625419716560974,0.5249460497976476,"South Windsor 12U 9.3, Tolland 12U 4.1",low confidence; elevated upset risk; directional model agreement,22.8% close-game probability; 5.9% simulation upset probability
dff8b2aa3b2aa89e,2026-05-02,Avon 12U B,Farmington 12U Red,Avon 12U B,toss-up,medium,moderate,moderate,6.940324008756976,5.921806999579051,12.862131008336029,1.0185170091779252,6-6,0.5017,0.3309,0.995813850813437,0.9706877692486436,0.320821300824607,0.7372175522547623,"Avon 12U B 6.9, Farmington 12U Red 5.9",medium confidence; moderate upset risk; moderate model agreement,50.2% close-game probability; 33.1% simulation upset probability
fd6ce41f0a0d9173,2026-05-02,Westfield 12U Red,Somers 12U White,Westfield 12U Red,slight edge,medium,moderate,strong,5.61625640829027,4.535549994070866,10.151806402361135,1.0807064142194038,5-4,0.5514,0.3144,0.968328036977924,0.9794188254149144,0.4123723812613766,0.33486643120032,"Westfield 12U Red 5.6, Somers 12U White 4.5",medium confidence; moderate upset risk; strong model agreement,55.1% close-game probability; 31.4% simulation upset probability
19fa9b98436540af,2026-05-03,Simsbury 12U Blue,West Hartford 12U Green,West Hartford 12U Green,solid favorite,medium,moderate,moderate,5.514542027806465,9.09851978421844,14.613061812024904,-3.583977756411974,6-9,0.3476,0.1486,0.9544488087194236,0.4938254377918979,0.679178699175393,0.5759675746867285,"Simsbury 12U Blue 5.5, West Hartford 12U Green 9.1",medium confidence; moderate upset risk; moderate model agreement,34.8% close-game probability; 14.9% simulation upset probability
1f5790410d92377e,2026-05-03,Minnechaug 12U White,East Longmeadow 12U White,Minnechaug 12U White,solid favorite,medium,moderate,moderate,7.473128954804555,4.8274231127325375,12.300552067537092,2.645705842072017,7-4,0.4164,0.1743,0.958122754232044,0.8466433745068903,0.5104151598873647,0.6991355150958267,"Minnechaug 12U White 7.5, East Longmeadow 12U White 4.8",medium confidence; moderate upset risk; moderate model agreement,41.6% close-game probability; 17.4% simulation upset probability
388b6189878496a4,2026-05-03,RHAM 12U,Colchester 12U,RHAM 12U,slight edge,medium,moderate,directional,8.728882300148493,4.648356166659223,13.377238466807716,4.08052613348927,9-5,0.311,0.1027,0.9727216772714524,0.6668034014589357,0.4225046348141883,0.6668385722839067,"RHAM 12U 8.7, Colchester 12U 4.6",medium confidence; moderate upset risk; directional model agreement,31.1% close-game probability; 10.3% simulation upset probability
4da350718624b6ed,2026-05-03,Simsbury 12U A,West Hartford 12U Gold,West Hartford 12U Gold,strong favorite,medium,moderate,strong,4.986469587743241,8.259810870552984,13.246280458296226,-3.273341282809743,4-8,0.3664,0.1438,0.9536542692123252,0.6490687828105075,0.9270116752463368,0.5381064855097121,"Simsbury 12U A 5.0, West Hartford 12U Gold 8.3",medium confidence; moderate upset risk; strong model agreement,36.6% close-game probability; 14.4% simulation upset probability
63a55d34ac9f6cb2,2026-05-03,Middletown 12U,Berlin 12U A,Berlin 12U A,slight edge,low,moderate,split,6.7904305792661805,5.453824760616189,12.244255339882368,1.3366058186499918,6-6,0.4912,0.3042,0.9821920794011552,0.8780081227203463,0.3973146620215083,0.5628822868632268,"Middletown 12U 6.8, Berlin 12U A 5.5",low confidence; moderate upset risk; split model agreement,49.1% close-game probability; 30.4% simulation upset probability
887c2c4fe584fc29,2026-05-03,Farmington 12U Red,Wethersfield 12U B,Farmington 12U Red,toss-up,low,elevated,moderate,6.629641113544533,5.074649386519069,11.704290500063603,1.554991727025464,6-5,0.5017,0.2692,0.7460169865264834,0.7580105655813572,0.2856375705089441,0.6459382011202477,"Farmington 12U Red 6.6, Wethersfield 12U B 5.1",low confidence; elevated upset risk; moderate model agreement,50.2% close-game probability; 26.9% simulation upset probability
fbbd696c97a71b1b,2026-05-03,Farmington 12U Black,Wethersfield 12U A,Wethersfield 12U A,toss-up,low,elevated,split,9.87583135387159,6.5395189729586605,16.41535032683025,3.336312380912929,10-6,0.3471,0.1678,0.994197642016496,0.0229773699100256,0.7057850278370112,0.6664144691986154,"Farmington 12U Black 9.9, Wethersfield 12U A 6.5",low confidence; elevated upset risk; split model agreement,34.7% close-game probability; 16.8% simulation upset probability
0ad70d3d180f9737,2026-05-04,Bristol 12U,Wolcott 12U,Wolcott 12U,solid favorite,low,moderate,split,5.591104646888688,5.204316532768019,10.795421179656708,0.3867881141206686,6-5,0.5568,0.3969,0.966263147587517,0.8187599074515127,0.520821285372743,0.5526753179444015,"Bristol 12U 5.6, Wolcott 12U 5.2",low confidence; moderate upset risk; split model agreement,55.7% close-game probability; 39.7% simulation upset probability
8a8779819c7d74d1,2026-05-04,Westfield 12U Red,Minnechaug 12U,Westfield 12U Red,slight edge,medium,moderate,directional,7.269600891422158,4.398047073038899,11.667647964461056,2.8715538183832585,6-4,0.4153,0.1586,0.9807421091376414,0.9036581333974671,0.3100255188723875,0.6805347947177443,"Westfield 12U Red 7.3, Minnechaug 12U 4.4",medium confidence; moderate upset risk; directional model agreement,41.5% close-game probability; 15.9% simulation upset probability
e52bb8d442e74ffa,2026-05-04,West Springfield 12U,Belchertown 12U,West Springfield 12U,slight edge,medium,moderate,directional,7.43035255332925,4.261976564290016,11.692329117619266,3.168375989039234,6-4,0.3787,0.1304,0.951701805819646,0.6403989813811242,0.5,0.6726554223969959,"West Springfield 12U 7.4, Belchertown 12U 4.3",medium confidence; moderate upset risk; directional model agreement,37.9% close-game probability; 13.0% simulation upset probability
aa871ccbefa577c5,2026-05-05,West Hartford 12U Green,Colchester 12U,West Hartford 12U Green,slight edge,medium,moderate,strong,6.457277988653709,4.864163458269267,11.321441446922975,1.5931145303844412,6-4,0.5016,0.271,0.9738202753934966,0.9305087938679492,0.4532618480153861,0.6756844987776148,"West Hartford 12U Green 6.5, Colchester 12U 4.9",medium confidence; moderate upset risk; strong model agreement,50.2% close-game probability; 27.1% simulation upset probability
b2db52ab321da508,2026-05-05,Northampton 12U,Belchertown 12U,Belchertown 12U,toss-up,low,moderate,split,7.748776020201489,4.404946645681063,12.153722665882553,3.3438293745204257,7-4,0.3626,0.132,0.9843994818243936,0.8486192315626481,0.334589441253186,0.7943280229319327,"Northampton 12U 7.7, Belchertown 12U 4.4",low confidence; moderate upset risk; split model agreement,36.3% close-game probability; 13.2% simulation upset probability
c8f7e9bb590e3579,2026-05-05,East Longmeadow 12U A,Longmeadow 12U Black,Longmeadow 12U Black,slight edge,low,elevated,moderate,5.623552292391361,8.425836551777886,14.049388844169249,-2.802284259386525,5-8,0.3971,0.1857,0.9798681215993484,0.2570128219986229,0.2689414213699951,0.4687923794344653,"East Longmeadow 12U A 5.6, Longmeadow 12U Black 8.4",low confidence; elevated upset risk; moderate model agreement,39.7% close-game probability; 18.6% simulation upset probability
e4d831c631270100,2026-05-05,Agawam 12U,South Hadley 12U,Agawam 12U,slight edge,medium,moderate,directional,8.602060555012162,3.644318112785146,12.246378667797307,4.957742442227016,9-3,0.229,0.0535,0.9827359434309836,0.8244179698188523,0.7057850278370112,0.5425129212775328,"Agawam 12U 8.6, South Hadley 12U 3.6",medium confidence; moderate upset risk; directional model agreement,22.9% close-game probability; 5.3% simulation upset probability
1048a8626adef5ff,2026-05-06,South Windsor 12U,Somers 12U White,Somers 12U White,toss-up,low,moderate,split,7.699592746423167,4.224665046568303,11.924257792991469,3.474927699854864,8-4,0.3552,0.1233,0.997359219840551,0.760221968664522,0.2979366301210704,0.483828541200391,"South Windsor 12U 7.7, Somers 12U White 4.2",low confidence; moderate upset risk; split model agreement,35.5% close-game probability; 12.3% simulation upset probability
490b6386fc0bec82,2026-05-06,Granby 12U,West Springfield 12U,West Springfield 12U,strong favorite,medium,moderate,directional,5.234225288499308,6.276516744048639,11.510742032547949,-1.0422914555493303,5-5,0.5218,0.3229,0.94186911707304,0.4604158629518182,0.7844291562034564,0.642743227081631,"Granby 12U 5.2, West Springfield 12U 6.3",medium confidence; moderate upset risk; directional model agreement,52.2% close-game probability; 32.3% simulation upset probability
cf07d773e14b264a,2026-05-06,Simsbury 12U Blue,Southington 12U White,Southington 12U White,slight edge,medium,moderate,strong,5.794077717301894,6.800890382198894,12.594968099500788,-1.0068126648969995,5-7,0.5036,0.3328,0.976721282753464,0.8196432014765752,0.4866103449492934,0.7185854525662039,"Simsbury 12U Blue 5.8, Southington 12U White 6.8",medium confidence; moderate upset risk; strong model agreement,50.4% close-game probability; 33.3% simulation upset probability
0233589df3007f39,2026-05-07,Bristol 12U,Burlington 12U,Burlington 12U,solid favorite,medium,moderate,strong,5.250325895675436,7.849179544030288,13.099505439705723,-2.5988536483548517,5-7,0.4133,0.1982,0.945918332591176,0.5985007225959118,0.6995672712077426,0.5185346427305568,"Bristol 12U 5.3, Burlington 12U 7.8",medium confidence; moderate upset risk; strong model agreement,41.3% close-game probability; 19.8% simulation upset probability
122a20e601ca951b,2026-05-07,Agawam 12U,Longmeadow 12U Black,Agawam 12U,slight edge,low,elevated,directional,9.295615794744176,4.4159057275672575,13.711521522311433,4.8797100671769185,9-4,0.247,0.0699,0.9744050483424508,0.2829908780954381,0.6046790847140093,0.4947779231224789,"Agawam 12U 9.3, Longmeadow 12U Black 4.4",low confidence; elevated upset risk; directional model agreement,24.7% close-game probability; 7.0% simulation upset probability
d96b7202084f33d1,2026-05-07,Somers 12U Red,Suffield B,Somers 12U Red,toss-up,low,moderate,strong,6.106625509766051,5.720609613866603,11.827235123632654,0.3860158958994475,5-6,0.5359,0.3966,0.9969508215539358,0.5867342024905701,0.2814056074291438,0.6925674072475434,"Somers 12U Red 6.1, Suffield B 5.7",low confidence; moderate upset risk; strong model agreement,53.6% close-game probability; 39.7% simulation upset probability
fc4520e84414c277,2026-05-07,Suffield 12U White,Somers 12U Red,Suffield 12U White,slight edge,medium,moderate,moderate,7.291570946715317,5.173953856447,12.465524803162316,2.1176170902683173,7-4,0.4517,0.23,0.9871169249267264,0.5502708599887078,0.3923368301671083,0.738122278825992,"Suffield 12U White 7.3, Somers 12U Red 5.2",medium confidence; moderate upset risk; moderate model agreement,45.2% close-game probability; 23.0% simulation upset probability
42596b71e414a689,2026-05-08,Southington 12U White,Farmington 12U Red,Farmington 12U Red,toss-up,low,elevated,split,7.347944532056656,4.72949579278424,12.077440324840897,2.6184487392724165,7-4,0.4167,0.1821,0.7521004074052433,0.7834160380394031,0.2899075006841359,0.5412550914597312,"Southington 12U White 7.3, Farmington 12U Red 4.7",low confidence; elevated upset risk; split model agreement,41.7% close-game probability; 18.2% simulation upset probability
66b11ff9f3979316,2026-05-08,Belchertown 12U,Minnechaug 12U White,Minnechaug 12U White,solid favorite,medium,moderate,strong,5.142131863391927,7.267887026393575,12.4100188897855,-2.1257551630016485,5-6,0.4576,0.2244,0.9287767817326684,0.6002420819983207,0.6224593312018546,0.6987551780607131,"Belchertown 12U 5.1, Minnechaug 12U White 7.3",medium confidence; moderate upset risk; strong model agreement,45.8% close-game probability; 22.4% simulation upset probability
e18fd02ae77e13cb,2026-05-08,Southington 12U Blue,Farmington 12U Black,Southington 12U Blue,solid favorite,medium,moderate,directional,7.487686836661477,4.3344161380552135,11.82210297471669,3.1532706986062635,7-4,0.3833,0.143,0.9521822142904968,0.8254543249586116,0.7143624294910559,0.616808862655508,"Southington 12U Blue 7.5, Farmington 12U Black 4.3",medium confidence; moderate upset risk; directional model agreement,38.3% close-game probability; 14.3% simulation upset probability
fa3465388573d634,2026-05-08,South Hadley 12U,Minnechaug 12U,Minnechaug 12U,strong favorite,medium,moderate,strong,5.0300959995057895,7.797924262319567,12.828020261825356,-2.7678282628137776,4-8,0.4014,0.1782,0.9305678916876692,0.6120454932330197,0.9596757660638456,0.4383070488133155,"South Hadley 12U 5.0, Minnechaug 12U 7.8",medium confidence; moderate upset risk; strong model agreement,40.1% close-game probability; 17.8% simulation upset probability
4a382d3304b60238,2026-05-09,Granby 12U,Tolland 12U,Granby 12U,toss-up,low,elevated,directional,6.847429480358439,5.232234543927312,12.079664024285751,1.615194936431127,6-4,0.4874,0.2754,0.7343337923003226,0.1704831438512781,0.6390927451628512,0.5345848490596059,"Granby 12U 6.8, Tolland 12U 5.2",low confidence; elevated upset risk; directional model agreement,48.7% close-game probability; 27.5% simulation upset probability
6b250c9e87ed2153,2026-05-09,RHAM 12U,South Windsor 12U,RHAM 12U,solid favorite,medium,moderate,strong,6.99163285775976,4.920951162761932,11.912584020521692,2.0706816949978286,6-4,0.4666,0.2222,0.9468905701422512,0.9831203961881856,0.700567142473973,0.5387810564422082,"RHAM 12U 7.0, South Windsor 12U 4.9",medium confidence; moderate upset risk; strong model agreement,46.7% close-game probability; 22.2% simulation upset probability
6ea0f27283433899,2026-05-09,Bristol 12U,Meriden 12U,Bristol 12U,toss-up,low,elevated,strong,6.265783820235471,5.740395657666581,12.006179477902052,0.5253881625688903,6-5,0.5371,0.3804,0.7545296800689582,0.733492624667886,0.341582499438317,0.7127156188838053,"Bristol 12U 6.3, Meriden 12U 5.7",low confidence; elevated upset risk; strong model agreement,53.7% close-game probability; 38.0% simulation upset probability
7a3375828320c9eb,2026-05-09,Belchertown 12U,Berkshire,Berkshire,slight edge,low,elevated,strong,5.850756657052379,6.763673799892199,12.61443045694458,-0.9129171428398202,5-7,0.5103,0.3343,0.7289885988967493,0.2621741207134683,0.320821300824607,0.5635191621610098,"Belchertown 12U 5.9, Berkshire 6.8",low confidence; elevated upset risk; strong model agreement,51.0% close-game probability; 33.4% simulation upset probability
f1bce42044c64e75,2026-05-09,Wolcott 12U,Burlington 12U,Burlington 12U,toss-up,low,moderate,directional,5.10132220467019,8.737081543305184,13.838403747975374,-3.635759338634994,5-8,0.3385,0.1369,0.7504230420679818,0.7131918040751295,0.3557748935136303,0.7799252128666663,"Wolcott 12U 5.1, Burlington 12U 8.7",low confidence; moderate upset risk; directional model agreement,33.9% close-game probability; 13.7% simulation upset probability
f4251bbac3d2907f,2026-05-09,Middletown 12U,Newington 12U,Middletown 12U,toss-up,medium,moderate,moderate,6.579376185592933,5.432147320878929,12.011523506471862,1.1472288647140036,6-5,0.508,0.3264,0.991753905835729,0.883405056534049,0.3775406687981454,0.430707260485649,"Middletown 12U 6.6, Newington 12U 5.4",medium confidence; moderate upset risk; moderate model agreement,50.8% close-game probability; 32.6% simulation upset probability
082d3835323f91b7,2026-05-10,Middletown 12U,Vernon 12U,Vernon 12U,slight edge,low,moderate,split,6.161320306939434,5.893247513889138,12.054567820828572,0.2680727930502957,6-6,0.5329,0.4113,0.9852900962886016,0.8400293485125243,0.3118109158434367,0.7617642604069441,"Middletown 12U 6.2, Vernon 12U 5.9",low confidence; moderate upset risk; split model agreement,53.3% close-game probability; 41.1% simulation upset probability
c2feb0da40937837,2026-05-10,Avon 12U B,Simsbury 12U Blue,Avon 12U B,solid favorite,medium,moderate,strong,6.486819002441308,5.187197089491472,11.67401609193278,1.299621912949836,6-4,0.4996,0.3036,0.9744375909567295,0.9240485855438084,0.5,0.6792333112235139,"Avon 12U B 6.5, Simsbury 12U Blue 5.2",medium confidence; moderate upset risk; strong model agreement,50.0% close-game probability; 30.4% simulation upset probability
f5de61c3d069709c,2026-05-10,Avon 12U,Simsbury 12U A,Avon 12U,solid favorite,medium,moderate,directional,9.563536553233607,3.830221212813032,13.39375776604664,5.7333153404205754,8-3,0.177,0.0414,0.9559163015514124,0.9138476996582684,0.6224593312018546,0.4467419213305846,"Avon 12U 9.6, Simsbury 12U A 3.8",medium confidence; moderate upset risk; directional model agreement,17.7% close-game probability; 4.1% simulation upset probability
22bbf2afe92d9de3,2026-05-11,Berlin 12U A,Meriden 12U,Meriden 12U,toss-up,low,moderate,split,6.215073545462002,5.509316535131242,11.724390080593244,0.7057570103307604,6-6,0.5274,0.3586,0.9995481643079448,0.7701024245422237,0.2814056074291438,0.6496929009240396,"Berlin 12U A 6.2, Meriden 12U 5.5",low confidence; moderate upset risk; split model agreement,52.7% close-game probability; 35.9% simulation upset probability
b4d80cff366a8d44,2026-05-11,Vernon 12U,South Windsor 12U,South Windsor 12U,toss-up,medium,moderate,moderate,5.481045933849602,7.058949194725884,12.539995128575486,-1.5779032608762815,5-6,0.4801,0.2767,0.9955374987288216,0.9615958337109348,0.2839402061842902,0.3897552813294008,"Vernon 12U 5.5, South Windsor 12U 7.1",medium confidence; moderate upset risk; moderate model agreement,48.0% close-game probability; 27.7% simulation upset probability
ceb132d6d7f70515,2026-05-11,Minnechaug 12U White,East Longmeadow 12U White,Minnechaug 12U White,solid favorite,medium,moderate,strong,6.908759490176031,5.274055220705303,12.182814710881336,1.6347042694707286,6-5,0.4864,0.2624,0.9570007497918298,0.7570138345649376,0.5415704832167998,0.6816323681735026,"Minnechaug 12U White 6.9, East Longmeadow 12U White 5.3",medium confidence; moderate upset risk; strong model agreement,48.6% close-game probability; 26.2% simulation upset probability
d381cbfe385c039f,2026-05-11,Minnechaug 12U,East Longmeadow 12U A,Minnechaug 12U,strong favorite,medium,moderate,moderate,9.229284716281157,3.667243258688621,12.89652797496978,5.562041457592535,9-3,0.1832,0.0426,0.9437937034207592,0.5570286865364753,0.9388456446864312,0.611494121816007,"Minnechaug 12U 9.2, East Longmeadow 12U A 3.7",medium confidence; moderate upset risk; moderate model agreement,18.3% close-game probability; 4.3% simulation upset probability
0893268810469108,2026-05-12,Glastonbury 12U White,Suffield 12U,Suffield 12U,solid favorite,medium,low,moderate,5.498217268942276,8.451158918699479,13.949376187641754,-2.9529416497572027,5-7,0.3943,0.1787,0.9731922895309082,0.9899656595414124,0.7310585786300049,0.5080959067333648,"Glastonbury 12U White 5.5, Suffield 12U 8.5",medium confidence; low upset risk; moderate model agreement,39.4% close-game probability; 17.9% simulation upset probability
1a985386ba4c6b69,2026-05-12,Somers 12U White,Agawam 12U,Somers 12U White,solid favorite,medium,moderate,moderate,7.805187333249761,4.807404710950881,12.612592044200644,2.99778262229888,8-4,0.3821,0.1607,0.9626269188580268,0.6473687054746744,0.5621765008857981,0.7095529381164929,"Somers 12U White 7.8, Agawam 12U 4.8",medium confidence; moderate upset risk; moderate model agreement,38.2% close-game probability; 16.1% simulation upset probability
5c05511095b052a4,2026-05-12,West Springfield 12U,South Hadley 12U,West Springfield 12U,strong favorite,high,low,moderate,9.060040968913396,3.6126441110227434,12.672685079936135,5.447396857890651,8-3,0.1968,0.0414,0.9426976919167074,0.9162008632126584,0.9510453163836564,0.6390324455014664,"West Springfield 12U 9.1, South Hadley 12U 3.6",high confidence; low upset risk; moderate model agreement,19.7% close-game probability; 4.1% simulation upset probability
24480a4327977f5a,2026-05-13,RHAM 12U,Granby 12U,RHAM 12U,strong favorite,medium,low,strong,7.275626796607429,4.397745497743902,11.673372294351331,2.877881298863527,6-4,0.4088,0.1555,0.9582270968779923,0.9504885484591852,0.7718434978390747,0.6180955452296373,"RHAM 12U 7.3, Granby 12U 4.4",medium confidence; low upset risk; strong model agreement,40.9% close-game probability; 15.6% simulation upset probability
532fd5e2eab9093d,2026-05-13,Farmington 12U Red,Glastonbury 12U Blue,Farmington 12U Red,solid favorite,low,elevated,moderate,7.731789002569987,4.567406248109875,12.299195250679862,3.164382754460112,7-4,0.381,0.1389,0.9444552946084028,0.2853567243659821,0.6644822563478705,0.5224377603058212,"Farmington 12U Red 7.7, Glastonbury 12U Blue 4.6",low confidence; elevated upset risk; moderate model agreement,38.1% close-game probability; 13.9% simulation upset probability
880f09678b462075,2026-05-13,Wethersfield 12U A,West Hartford 12U Gold,West Hartford 12U Gold,solid favorite,medium,moderate,moderate,5.0572534927227135,7.689514505391318,12.74676799811403,-2.632261012668605,5-8,0.4064,0.1878,0.9667000130436908,0.9219938513997996,0.6607563687658171,0.5580298194819757,"Wethersfield 12U A 5.1, West Hartford 12U Gold 7.7",medium confidence; moderate upset risk; moderate model agreement,40.6% close-game probability; 18.8% simulation upset probability
